density_[g_m3],pressure_[GPa],temperature_cold_podolak_[K],temperature_hot_podolak_[K],radius_[m]
0.0010646,0.0001,76.0,76.0,2531200000.0
0.0013681,0.00034434,100.88,214.12,2528700000.0
0.0017047,0.00065899,124.15,259.46,2526100000.0
0.0020744,0.0010518,146.44,500.3,2523600000.0
0.0024773,0.0015308000000000001,168.02,737.68,2521000000.0
0.0029136,0.002104,189.01,966.47,2518500000.0
0.0033834,0.0027795000000000003,209.52,1185.8,2516000000.0
0.0038868,0.0035655,229.6,1265.4,2513400000.0
0.0044238,0.0044702000000000006,249.28,1337.6,2510900000.0
0.0049947,0.005502,268.6,1403.8,2508400000.0
0.0055994,0.0066693,287.59,1464.8,2505800000.0
0.0062382,0.007980600000000001,306.27,1521.4,2503300000.0
0.006911,0.0094444,324.64,1574.2,2500700000.0
0.007618,0.011069,342.72,1623.7,2498200000.0
0.0083594,0.012864,360.53,1670.3,2495700000.0
0.0091351,0.014838,378.07,1714.3,2493100000.0
0.0099453,0.016999,395.35,1756.1,2490600000.0
0.01079,0.019356,412.38,1795.8,2488000000.0
0.011669,0.021919,429.17,1833.6,2485500000.0
0.012584,0.024696,445.73,1869.8,2483000000.0
0.013532,0.027697,462.05,1904.5,2480400000.0
0.014516,0.030930000000000003,478.16,1937.8,2477900000.0
0.015535,0.034406,494.04,1969.9,2475300000.0
0.016589,0.038133,509.71,2000.7,2472800000.0
0.017678,0.042121,525.17,2030.5,2470300000.0
0.018802,0.046380000000000005,540.43,2059.3,2467700000.0
0.019961,0.050918000000000005,555.49,2087.2,2465200000.0
0.021156,0.055746000000000004,570.35,2114.1,2462700000.0
0.022386,0.060873000000000003,585.03,2140.3,2460100000.0
0.023652,0.066309,599.51,2165.7,2457600000.0
0.024953,0.072064,613.82,2190.4,2455000000.0
0.026289,0.07814800000000001,627.94,2214.4,2452500000.0
0.027662,0.08457100000000001,641.88,2237.8,2450000000.0
0.02907,0.09134300000000001,655.65,2260.5,2447400000.0
0.030513,0.098473,669.26,2282.7,2444900000.0
0.031993,0.10597000000000001,682.69,2304.4,2442300000.0
0.033508,0.11385,695.96,2325.5,2439800000.0
0.035059,0.12212,709.07,2346.1,2437300000.0
0.036646,0.13079000000000002,722.02,2366.2,2434700000.0
0.038269,0.13987,734.82,2385.9,2432200000.0
0.039928,0.14937,747.47,2405.1,2429700000.0
0.041624,0.1593,759.96,2424.0,2427100000.0
0.043355,0.16968,772.31,2442.4,2424600000.0
0.045122,0.18051,784.51,2460.4,2422000000.0
0.046926,0.1918,796.57,2478.1,2419500000.0
0.048765,0.20357,808.49,2495.4,2417000000.0
0.050641,0.21582,820.27,2512.4,2414400000.0
0.052553,0.22857,831.91,2529.1,2411900000.0
0.054502,0.24183000000000002,843.43,2545.4,2409300000.0
0.056487,0.25561,854.81,2561.4,2406800000.0
0.058508,0.26991,866.06,2577.1,2404300000.0
0.060565,0.28476,877.18,2592.5,2401700000.0
0.062659,0.30016000000000004,888.18,2607.7,2399200000.0
0.064789,0.31613,899.06,2622.5,2396600000.0
0.066956,0.33267,909.81,2637.2,2394100000.0
0.069158,0.3498,920.45,2651.5,2391600000.0
0.071398,0.36752,930.97,2665.6,2389000000.0
0.073674,0.38586000000000004,941.37,2679.5,2386500000.0
0.075986,0.40482,951.66,2693.1,2384000000.0
0.078335,0.42441,961.83,2706.5,2381400000.0
0.08072,0.44464000000000004,971.9,2719.7,2378900000.0
0.083141,0.46554,981.85,2732.7,2376300000.0
0.085599,0.48710000000000003,991.7,2745.5,2373800000.0
0.088094,0.50935,1001.4,2758.0,2371300000.0
0.090625,0.53228,1011.1,2770.4,2368700000.0
0.093192,0.55593,1020.6,2782.6,2366200000.0
0.095796,0.58029,1030.0,2794.6,2363600000.0
0.098436,0.60538,1039.4,2806.4,2361100000.0
0.10111,0.63121,1048.6,2818.0,2358600000.0
0.10383,0.65779,1057.7,2829.5,2356000000.0
0.10658,0.68515,1066.8,2840.7,2353500000.0
0.10936,0.71328,1075.7,2851.9,2350900000.0
0.11218,0.7422000000000001,1084.6,2862.8,2348400000.0
0.11504,0.77193,1093.4,2873.6,2345900000.0
0.11794,0.80247,1102.0,2884.2,2343300000.0
0.12087,0.83384,1110.6,2894.7,2340800000.0
0.12384,0.86605,1119.1,2905.1,2338300000.0
0.12684,0.89912,1127.5,2915.2,2335700000.0
0.12988,0.93306,1135.8,2925.3,2333200000.0
0.13296,0.96787,1144.1,2935.2,2330600000.0
0.13607,1.0036,1152.2,2945.0,2328100000.0
0.13922,1.0402,1160.3,2954.6,2325600000.0
0.1424,1.0777,1168.3,2964.1,2323000000.0
0.14563,1.1162,1176.2,2973.5,2320500000.0
0.14888,1.1556,1184.0,2982.7,2317900000.0
0.15218,1.196,1191.8,2991.9,2315400000.0
0.1555,1.2373,1199.4,3000.9,2312900000.0
0.15887,1.2796,1207.0,3009.7,2310300000.0
0.16227,1.3229,1214.5,3018.5,2307800000.0
0.16571,1.3673,1222.0,3027.2,2305200000.0
0.16918,1.4126,1229.4,3035.7,2302700000.0
0.17269,1.459,1236.7,3044.1,2300200000.0
0.17623,1.5065,1243.9,3052.5,2297600000.0
0.17981,1.5550000000000002,1251.1,3060.7,2295100000.0
0.18343,1.6046,1258.1,3068.8,2292600000.0
0.18708,1.6552,1265.2,3076.8,2290000000.0
0.19077,1.707,1272.1,3084.7,2287500000.0
0.19449,1.7599,1279.0,3092.5,2284900000.0
0.19825,1.8139,1285.8,3100.2,2282400000.0
0.20204,1.8691,1292.6,3107.8,2279900000.0
0.20587,1.9254,1299.3,3115.3,2277300000.0
0.20974,1.983,1305.9,3122.7,2274800000.0
0.21364,2.0416,1312.5,3130.1,2272200000.0
0.21757,2.1015,1319.0,3137.3,2269700000.0
0.22154,2.1626000000000003,1325.4,3144.5,2267200000.0
0.22555,2.225,1331.8,3151.5,2264600000.0
0.22959,2.2886,1338.1,3158.5,2262100000.0
0.23366,2.3534,1344.4,3165.4,2259500000.0
0.23777,2.4195,1350.6,3172.2,2257000000.0
0.24191,2.4869,1356.7,3179.0,2254500000.0
0.24609,2.5556,1362.8,3185.6,2251900000.0
0.25031,2.6256,1368.8,3192.2,2249400000.0
0.25456,2.6969000000000003,1374.8,3198.7,2246900000.0
0.25884,2.7695000000000003,1380.7,3205.1,2244300000.0
0.26316,2.8436,1386.6,3211.4,2241800000.0
0.26751,2.9189000000000003,1392.4,3217.7,2239200000.0
0.27189,2.9957000000000003,1398.2,3223.9,2236700000.0
0.27631,3.0739,1403.9,3230.0,2234200000.0
0.28077,3.1534,1409.5,3236.0,2231600000.0
0.28526,3.2344,1415.1,3242.0,2229100000.0
0.28978,3.3169,1420.7,3247.9,2226500000.0
0.29434,3.4008000000000003,1426.2,3253.8,2224000000.0
0.29893,3.4861,1431.6,3259.5,2221500000.0
0.30355,3.5729,1437.0,3265.2,2218900000.0
0.30821,3.6613,1442.4,3270.9,2216400000.0
0.3129,3.7511,1447.7,3276.4,2213900000.0
0.31762,3.8425000000000002,1452.9,3281.9,2211300000.0
0.32238,3.9354,1458.2,3287.4,2208800000.0
0.32717,4.0298,1463.3,3292.8,2206200000.0
0.332,4.125900000000001,1468.4,3298.1,2203700000.0
0.33685,4.2235000000000005,1473.5,3303.3,2201200000.0
0.34174,4.3227,1478.6,3308.5,2198600000.0
0.34667,4.4235,1483.5,3313.7,2196100000.0
0.35162,4.5259,1488.5,3318.7,2193500000.0
0.35661,4.63,1493.4,3323.8,2191000000.0
0.36163,4.7357000000000005,1498.2,3328.7,2188500000.0
0.36669,4.8431,1503.1,3333.6,2185900000.0
0.37178,4.9522,1507.8,3338.5,2183400000.0
0.37689,5.0629,1512.6,3343.2,2180800000.0
0.38205,5.1754,1517.3,3348.0,2178300000.0
0.38723,5.2896,1521.9,3352.6,2175800000.0
0.39244,5.405600000000001,1526.5,3357.2,2173200000.0
0.39769,5.5233,1531.1,3361.7,2170700000.0
0.40297,5.6427000000000005,1535.6,3366.2,2168200000.0
0.40828,5.764,1540.1,3370.5,2165600000.0
0.41362,5.8870000000000005,1544.6,3374.9,2163100000.0
0.419,6.0119,1549.0,3379.1,2160500000.0
0.4244,6.1385000000000005,1553.4,3383.3,2158000000.0
0.42984,6.267,1557.8,3387.5,2155500000.0
0.43531,6.3974,1562.1,3391.5,2152900000.0
0.44081,6.5297,1566.4,3395.6,2150400000.0
0.44634,6.6638,1570.6,3399.5,2147800000.0
0.4519,6.7998,1574.8,3403.4,2145300000.0
0.45749,6.9377,1579.0,3407.3,2142800000.0
0.46311,7.0776,1583.1,3411.1,2140200000.0
0.46876,7.2194,1587.2,3414.8,2137700000.0
0.47445,7.3631,1591.3,3418.5,2135100000.0
0.48016,7.5088,1595.3,3422.2,2132600000.0
0.4859,7.6565,1599.3,3425.8,2130100000.0
0.49168,7.8062000000000005,1603.3,3429.3,2127500000.0
0.49748,7.9579,1607.1,3432.8,2125000000.0
0.50331,8.111600000000001,1610.9,3436.3,2122500000.0
0.50918,8.2674,1614.7,3439.7,2119900000.0
0.51507,8.4252,1618.4,3443.1,2117400000.0
0.52099,8.5851,1622.0,3446.4,2114800000.0
0.52694,8.747,1625.6,3449.7,2112300000.0
0.53292,8.911100000000001,1629.2,3452.9,2109800000.0
0.53893,9.0772,1632.6,3456.1,2107200000.0
0.54497,9.2455,1636.1,3459.2,2104700000.0
0.55103,9.4159,1639.5,3462.3,2102100000.0
0.55713,9.5885,1642.8,3465.4,2099600000.0
0.56325,9.763200000000001,1646.1,3468.4,2097100000.0
0.56941,9.940100000000001,1649.4,3471.4,2094500000.0
0.57559,10.119,1652.6,3474.4,2092000000.0
0.5818,10.301,1655.7,3477.3,2089400000.0
0.58803,10.484,1658.8,3480.2,2086900000.0
0.5943,10.67,1661.9,3483.0,2084400000.0
0.60059,10.858,1665.0,3485.9,2081800000.0
0.60691,11.048,1667.9,3488.6,2079300000.0
0.61326,11.241,1670.9,3491.4,2076800000.0
0.61963,11.435,1673.8,3494.1,2074200000.0
0.62603,11.633000000000001,1676.7,3496.8,2071700000.0
0.63246,11.832,1679.5,3499.4,2069100000.0
0.63892,12.034,1682.3,3502.0,2066600000.0
0.6454,12.238000000000001,1685.1,3504.6,2064100000.0
0.65191,12.444,1687.8,3507.2,2061500000.0
0.65845,12.653,1690.5,3509.7,2059000000.0
0.66501,12.864,1693.1,3512.2,2056400000.0
0.6716,13.078000000000001,1695.7,3514.6,2053900000.0
0.67821,13.294,1698.3,3517.1,2051400000.0
0.68485,13.512,1700.9,3519.5,2048800000.0
0.69152,13.733,1703.4,3521.9,2046300000.0
0.69821,13.957,1705.9,3524.2,2043800000.0
0.70493,14.182,1708.3,3526.5,2041200000.0
0.71167,14.411000000000001,1710.7,3528.8,2038700000.0
0.71844,14.641,1713.1,3531.1,2036100000.0
0.72523,14.874,1715.5,3533.3,2033600000.0
0.73205,15.110000000000001,1717.8,3535.6,2031100000.0
0.73889,15.348,1720.1,3537.8,2028500000.0
0.74576,15.589,1722.4,3539.9,2026000000.0
0.75265,15.833,1724.6,3542.1,2023400000.0
0.75957,16.078,1726.9,3544.2,2020900000.0
0.76651,16.327,1729.1,3546.3,2018400000.0
0.77347,16.578,1731.2,3548.4,2015800000.0
0.78046,16.832,1733.4,3550.4,2013300000.0
0.78747,17.088,1735.5,3552.5,2010700000.0
0.79451,17.347,1737.6,3554.5,2008200000.0
0.80157,17.608,1739.6,3556.5,2005700000.0
0.80865,17.872,1741.6,3558.4,2003100000.0
0.81576,18.139,1743.7,3560.4,2000600000.0
0.82289,18.409,1745.6,3562.3,1998100000.0
0.83004,18.681,1747.6,3564.2,1995500000.0
0.83721,18.956,1749.6,3566.1,1993000000.0
0.84441,19.233,1751.5,3567.9,1990400000.0
0.85163,19.513,1753.4,3569.8,1987900000.0
0.85887,19.796,1755.2,3571.6,1985400000.0
0.86613,20.082,1757.1,3573.4,1982800000.0
0.87342,20.371000000000002,1758.9,3575.2,1980300000.0
0.88072,20.662,1760.7,3577.0,1977700000.0
0.88805,20.956,1762.5,3578.7,1975200000.0
0.8954,21.253,1764.3,3580.5,1972700000.0
0.90278,21.552,1766.0,3582.2,1970100000.0
0.91017,21.855,1767.8,3583.9,1967600000.0
0.91758,22.16,1769.5,3585.6,1965000000.0
0.92502,22.468,1771.2,3587.2,1962500000.0
0.93247,22.779,1772.8,3588.9,1960000000.0
0.93995,23.092000000000002,1777.3,3593.1,1957400000.0
0.94744,23.409000000000002,1781.7,3597.4,1954900000.0
0.95496,23.728,1786.1,3601.6,1952400000.0
0.96249,24.051000000000002,1790.4,3605.7,1949800000.0
0.97005,24.376,1794.7,3609.9,1947300000.0
0.97762,24.704,1798.9,3613.9,1944700000.0
0.98522,25.035,1803.2,3618.0,1942200000.0
0.99283,25.369,1807.3,3622.0,1939700000.0
1.0005,25.706,1811.4,3625.9,1937100000.0
1.0081,26.046,1815.5,3629.8,1934600000.0
1.0158,26.389,1819.6,3633.7,1932000000.0
1.0235,26.734,1823.6,3637.6,1929500000.0
1.0312,27.083000000000002,1827.5,3641.4,1927000000.0
1.0389,27.435000000000002,1831.4,3645.1,1924400000.0
1.0467,27.789,1835.3,3648.9,1921900000.0
1.0544,28.147000000000002,1839.2,3652.6,1919300000.0
1.0622,28.508000000000003,1843.0,3656.2,1916800000.0
1.07,28.871000000000002,1846.8,3659.9,1914300000.0
1.0778,29.238,1850.5,3663.5,1911700000.0
1.0857,29.608,1854.2,3667.0,1909200000.0
1.0935,29.981,1857.9,3670.6,1906700000.0
1.1014,30.356,1861.5,3674.1,1904100000.0
1.1093,30.735,1865.1,3677.5,1901600000.0
1.1172,31.117,1868.7,3681.0,1899000000.0
1.1251,31.502000000000002,1872.2,3684.4,1896500000.0
1.133,31.89,1875.7,3687.7,1894000000.0
1.141,32.282000000000004,1879.2,3691.1,1891400000.0
1.1489,32.676,1882.6,3694.4,1888900000.0
1.1569,33.073,1886.0,3697.7,1886300000.0
1.1649,33.474000000000004,1889.4,3700.9,1883800000.0
1.1729,33.878,1892.7,3704.2,1881300000.0
1.181,34.284,1896.1,3707.4,1878700000.0
1.189,34.694,1899.3,3710.5,1876200000.0
1.1971,35.107,1902.6,3713.7,1873600000.0
1.2051,35.524,1905.8,3716.8,1871100000.0
1.2132,35.943,1909.0,3719.9,1868600000.0
1.2213,36.366,1912.2,3722.9,1866000000.0
1.2295,36.791000000000004,1915.3,3726.0,1863500000.0
1.2376,37.22,1918.5,3729.0,1861000000.0
1.2457,37.652,1921.6,3732.0,1858400000.0
1.2539,38.088,1924.6,3734.9,1855900000.0
1.2621,38.526,1927.6,3737.8,1853300000.0
1.2703,38.968,1930.7,3740.7,1850800000.0
1.2785,39.413000000000004,1933.6,3743.6,1848300000.0
1.2867,39.861000000000004,1936.6,3746.5,1845700000.0
1.2949,40.312000000000005,1939.5,3749.3,1843200000.0
1.3032,40.767,1942.4,3752.1,1840600000.0
1.3114,41.225,1945.3,3754.9,1838100000.0
1.3197,41.686,1948.2,3757.7,1835600000.0
1.328,42.15,1951.0,3760.4,1833000000.0
1.3362,42.618,1953.8,3763.1,1830500000.0
1.3445,43.089,1956.6,3765.8,1828000000.0
1.3529,43.563,1959.4,3768.5,1825400000.0
1.3612,44.04,1962.1,3771.1,1822900000.0
1.3695,44.521,1964.8,3773.8,1820300000.0
1.3779,45.005,1967.5,3776.4,1817800000.0
1.3862,45.492000000000004,1970.2,3779.0,1815300000.0
1.3946,45.983000000000004,1972.8,3781.5,1812700000.0
1.403,46.476,1975.5,3784.1,1810200000.0
1.4114,46.974000000000004,1978.1,3786.6,1807600000.0
1.4198,47.474000000000004,1980.7,3789.1,1805100000.0
1.4282,47.978,1983.2,3791.6,1802600000.0
1.4366,48.485,1985.8,3794.0,1800000000.0
1.4451,48.995000000000005,1988.3,3796.5,1797500000.0
1.4535,49.509,1990.8,3798.9,1794900000.0
1.462,50.026,1993.3,3801.3,1792400000.0
1.4704,50.546,1995.8,3803.7,1789900000.0
1.4789,51.07,1998.2,3806.1,1787300000.0
1.4874,51.597,2000.6,3808.4,1784800000.0
1.4959,52.127,2003.0,3810.8,1782300000.0
1.5044,52.661,2005.4,3813.1,1779700000.0
1.5129,53.198,2007.8,3815.4,1777200000.0
1.5214,53.738,2010.1,3817.7,1774600000.0
1.5299,54.282000000000004,2012.5,3819.9,1772100000.0
1.5385,54.829,2014.8,3822.2,1769600000.0
1.547,55.379000000000005,2017.1,3824.4,1767000000.0
1.5555,55.933,2019.4,3826.6,1764500000.0
1.5641,56.49,2021.6,3828.8,1761900000.0
1.5727,57.051,2023.9,3831.0,1759400000.0
1.5812,57.615,2026.1,3833.1,1756900000.0
1.5898,58.182,2028.3,3835.3,1754300000.0
1.5984,58.752,2030.5,3837.4,1751800000.0
1.607,59.326,2032.7,3839.5,1749200000.0
1.6156,59.904,2034.8,3841.6,1746700000.0
1.6242,60.484,2037.0,3843.7,1744200000.0
1.6328,61.068000000000005,2039.1,3845.8,1741600000.0
1.6414,61.656,2041.2,3847.8,1739100000.0
1.6501,62.247,2043.3,3849.9,1736600000.0
1.6587,62.841,2045.4,3851.9,1734000000.0
1.6673,63.438,2047.5,3853.9,1731500000.0
1.676,64.039,2049.5,3855.9,1728900000.0
1.6846,64.643,2051.6,3857.9,1726400000.0
1.6933,65.251,2053.6,3859.8,1723900000.0
1.7019,65.86200000000001,2055.6,3861.8,1721300000.0
1.7106,66.476,2057.6,3863.7,1718800000.0
1.7192,67.09400000000001,2059.6,3865.6,1716200000.0
1.7279,67.715,2061.5,3867.6,1713700000.0
1.7366,68.34,2063.5,3869.4,1711200000.0
1.7453,68.968,2065.4,3871.3,1708600000.0
1.754,69.599,2067.3,3873.2,1706100000.0
1.7626,70.233,2069.2,3875.1,1703500000.0
1.7713,70.87100000000001,2071.1,3876.9,1701000000.0
1.78,71.513,2073.0,3878.7,1698500000.0
1.7887,72.157,2074.9,3880.5,1695900000.0
1.7974,72.805,2076.7,3882.3,1693400000.0
1.8061,73.45700000000001,2078.6,3884.1,1690900000.0
1.8148,74.11200000000001,2080.4,3885.9,1688300000.0
1.8235,74.77,2082.2,3887.7,1685800000.0
1.8322,75.431,2084.0,3889.4,1683200000.0
1.841,76.096,2085.8,3891.2,1680700000.0
1.8497,76.764,2087.6,3892.9,1678200000.0
1.8584,77.436,2089.4,3894.6,1675600000.0
1.8671,78.111,2091.1,3896.3,1673100000.0
1.8758,78.789,2092.9,3898.0,1670500000.0
1.8846,79.47,2094.6,3899.7,1668000000.0
1.8933,80.155,2096.3,3901.4,1665500000.0
1.902,80.843,2098.0,3903.1,1662900000.0
1.9107,81.535,2099.7,3904.7,1660400000.0
1.9195,82.23,2101.4,3906.4,1657800000.0
1.9282,82.928,2103.1,3908.0,1655300000.0
1.9369,83.629,2104.7,3909.6,1652800000.0
1.9456,84.334,2106.4,3911.2,1650200000.0
1.9544,85.042,2108.0,3912.8,1647700000.0
1.9631,85.754,2109.7,3914.4,1645200000.0
1.9718,86.46900000000001,2111.3,3916.0,1642600000.0
1.9806,87.187,2112.9,3917.6,1640100000.0
1.9893,87.908,2114.5,3919.1,1637500000.0
1.998,88.63300000000001,2116.1,3920.7,1635000000.0
2.0067,89.361,2117.6,3922.2,1632500000.0
2.0155,90.092,2119.2,3923.7,1629900000.0
2.0242,90.82600000000001,2120.8,3925.2,1627400000.0
2.0329,91.56400000000001,2122.3,3926.7,1624800000.0
2.0416,92.305,2123.8,3928.2,1622300000.0
2.0504,93.049,2125.4,3929.7,1619800000.0
2.0591,93.797,2126.9,3931.2,1617200000.0
2.0678,94.547,2128.4,3932.7,1614700000.0
2.0765,95.301,2129.9,3934.1,1612200000.0
2.0852,96.059,2131.4,3935.6,1609600000.0
2.0939,96.819,2132.8,3937.0,1607100000.0
2.1026,97.583,2134.3,3938.5,1604500000.0
2.1113,98.35000000000001,2135.8,3939.9,1602000000.0
2.12,99.12,2137.2,3941.3,1599500000.0
2.1287,99.893,2138.6,3942.7,1596900000.0
2.1374,100.67,2140.1,3944.1,1594400000.0
2.1461,101.45,2141.5,3945.5,1591800000.0
2.1548,102.23,2142.9,3946.9,1589300000.0
2.1635,103.02000000000001,2144.3,3948.3,1586800000.0
2.1722,103.81,2145.7,3949.6,1584200000.0
2.1809,104.60000000000001,2147.1,3951.0,1581700000.0
2.1895,105.4,2148.5,3952.3,1579100000.0
2.1982,106.19,2149.8,3953.7,1576600000.0
2.2069,107.0,2151.2,3955.0,1574100000.0
2.2155,107.8,2152.6,3956.3,1571500000.0
2.2242,108.61,2153.9,3957.6,1569000000.0
2.2329,109.42,2155.2,3958.9,1566500000.0
2.2415,110.23,2156.6,3960.2,1563900000.0
2.2501,111.05,2157.9,3961.5,1561400000.0
2.2588,111.87,2159.2,3962.8,1558800000.0
2.2674,112.7,2160.5,3964.1,1556300000.0
2.276,113.52000000000001,2161.8,3965.3,1553800000.0
2.2847,114.35000000000001,2163.1,3966.6,1551200000.0
2.2933,115.18,2164.4,3967.9,1548700000.0
2.3019,116.02000000000001,2165.6,3969.1,1546100000.0
2.3105,116.86,2166.9,3970.3,1543600000.0
2.3191,117.7,2168.2,3971.6,1541100000.0
2.3277,118.54,2169.4,3972.8,1538500000.0
2.3363,119.39,2170.7,3974.0,1536000000.0
2.3448,120.24000000000001,2171.9,3975.2,1533400000.0
2.3534,121.10000000000001,2173.1,3976.4,1530900000.0
2.362,121.95,2174.3,3977.6,1528400000.0
2.3705,122.81,2175.6,3978.8,1525800000.0
2.3791,123.68,2176.8,3980.0,1523300000.0
2.3876,124.54,2178.0,3981.2,1520800000.0
2.3962,125.41000000000001,2179.2,3982.3,1518200000.0
2.4047,126.28,2180.3,3983.5,1515700000.0
2.4132,127.16000000000001,2181.5,3984.7,1513100000.0
2.4217,128.03,2182.7,3985.8,1510600000.0
2.4302,128.91,2183.9,3987.0,1508100000.0
2.4387,129.8,2185.0,3988.1,1505500000.0
2.4472,130.68,2186.2,3989.2,1503000000.0
2.4557,131.57,2187.3,3990.3,1500400000.0
2.4642,132.46,2188.5,3991.5,1497900000.0
2.4726,133.36,2189.6,3992.6,1495400000.0
2.4811,134.25,2190.7,3993.7,1492800000.0
2.4895,135.15,2191.8,3994.8,1490300000.0
2.4979,136.06,2193.0,3995.9,1487700000.0
2.5064,136.96,2194.1,3997.0,1485200000.0
2.5148,137.87,2195.2,3998.0,1482700000.0
2.5232,138.78,2196.3,3999.1,1480100000.0
2.5316,139.70000000000002,2197.3,4000.2,1477600000.0
2.54,140.61,2198.4,4001.2,1475100000.0
2.5483,141.53,2199.5,4002.3,1472500000.0
2.5567,142.45000000000002,2200.6,4003.4,1470000000.0
2.5651,143.38,2201.6,4004.4,1467400000.0
2.5734,144.31,2202.7,4005.4,1464900000.0
2.5818,145.24,2203.8,4006.5,1462400000.0
2.5901,146.17000000000002,2204.8,4007.5,1459800000.0
2.5984,147.1,2205.8,4008.5,1457300000.0
2.6067,148.04,2206.9,4009.5,1454700000.0
2.615,148.98000000000002,2207.9,4010.6,1452200000.0
2.6233,149.92000000000002,2208.9,4011.6,1449700000.0
2.6315,150.87,2210.0,4012.6,1447100000.0
2.6398,151.82,2211.0,4013.6,1444600000.0
2.648,152.77,2212.0,4014.6,1442000000.0
2.6563,153.72,2213.0,4015.5,1439500000.0
2.6645,154.68,2214.0,4016.5,1437000000.0
2.6727,155.64000000000001,2215.0,4017.5,1434400000.0
2.6809,156.6,2216.0,4018.5,1431900000.0
2.6891,157.56,2216.9,4019.4,1429400000.0
2.6973,158.53,2217.9,4020.4,1426800000.0
2.7054,159.5,2218.9,4021.3,1424300000.0
2.7136,160.47,2219.9,4022.3,1421700000.0
2.7217,161.44,2220.8,4023.2,1419200000.0
2.7299,162.42000000000002,2221.8,4024.2,1416700000.0
2.738,163.39000000000001,2222.7,4025.1,1414100000.0
2.7461,164.37,2223.7,4026.0,1411600000.0
2.7542,165.36,2224.6,4027.0,1409000000.0
2.7622,166.34,2225.6,4027.9,1406500000.0
2.7703,167.33,2226.5,4028.8,1404000000.0
2.7783,168.32,2227.4,4029.7,1401400000.0
2.7864,169.31,2228.3,4030.6,1398900000.0
2.7944,170.3,2229.3,4031.5,1396400000.0
2.8024,171.3,2230.2,4032.4,1393800000.0
2.8104,172.3,2231.1,4033.3,1391300000.0
2.8184,173.3,2232.0,4034.2,1388700000.0
2.8263,174.3,2232.9,4035.1,1386200000.0
2.8343,175.31,2233.8,4036.0,1383700000.0
2.8422,176.32,2234.7,4036.8,1381100000.0
2.8501,177.33,2235.5,4037.7,1378600000.0
2.8581,178.34,2236.4,4038.6,1376000000.0
2.8659,179.35,2237.3,4039.4,1373500000.0
2.8738,180.37,2238.2,4040.3,1371000000.0
2.8817,181.39000000000001,2239.0,4041.2,1368400000.0
2.8895,182.41,2239.9,4042.0,1365900000.0
2.8974,183.43,2240.8,4042.9,1363300000.0
2.9052,184.46,2241.6,4043.7,1360800000.0
2.913,185.48000000000002,2242.5,4044.5,1358300000.0
2.9208,186.51000000000002,2243.3,4045.4,1355700000.0
2.9285,187.54000000000002,2244.2,4046.2,1353200000.0
2.9363,188.57,2245.0,4047.0,1350700000.0
2.944,189.61,2245.8,4047.8,1348100000.0
2.9518,190.65,2246.7,4048.7,1345600000.0
2.9595,191.68,2247.5,4049.5,1343000000.0
2.9672,192.73000000000002,2248.3,4050.3,1340500000.0
2.9748,193.77,2249.1,4051.1,1338000000.0
2.9825,194.81,2249.9,4051.9,1335400000.0
2.9901,195.86,2250.7,4052.7,1332900000.0
2.9978,196.91,2251.5,4053.5,1330300000.0
3.0054,197.96,2252.3,4054.3,1327800000.0
3.013,199.01000000000002,2253.1,4055.0,1325300000.0
3.0206,200.06,2253.9,4055.8,1322700000.0
3.0281,201.12,2254.7,4056.6,1320200000.0
3.0357,202.17000000000002,2255.5,4057.4,1317600000.0
3.0432,203.23000000000002,2256.3,4058.1,1315100000.0
3.0507,204.29000000000002,2257.1,4058.9,1312600000.0
3.0582,205.35,2257.8,4059.7,1310000000.0
3.0657,206.42000000000002,2258.6,4060.4,1307500000.0
3.0731,207.48000000000002,2259.4,4061.2,1305000000.0
3.0806,208.55,2260.1,4061.9,1302400000.0
3.088,209.62,2260.9,4062.7,1299900000.0
3.0954,210.69,2261.7,4063.4,1297300000.0
3.1028,211.76000000000002,2262.4,4064.2,1294800000.0
3.1102,212.83,2263.2,4064.9,1292300000.0
3.1175,213.91,2263.9,4065.7,1289700000.0
3.1248,214.99,2264.7,4066.4,1287200000.0
3.1322,216.06,2265.4,4067.1,1284600000.0
3.1395,217.14000000000001,2266.1,4067.8,1282100000.0
3.1467,218.22,2266.9,4068.6,1279600000.0
3.154,219.31,2267.6,4069.3,1277000000.0
3.1612,220.39000000000001,2268.3,4070.0,1274500000.0
3.1685,221.48000000000002,2269.0,4070.7,1271900000.0
3.1757,222.56,2269.8,4071.4,1269400000.0
3.1829,223.65,2270.5,4072.1,1266900000.0
3.19,224.74,2271.2,4072.8,1264300000.0
3.1972,225.83,2271.9,4073.5,1261800000.0
3.2043,226.92000000000002,2272.6,4074.2,1259300000.0
3.2114,228.02,2273.3,4074.9,1256700000.0
3.2185,229.11,2274.0,4075.6,1254200000.0
3.2256,230.21,2274.7,4076.3,1251600000.0
3.2327,231.3,2275.4,4077.0,1249100000.0
3.2397,232.4,2276.1,4077.6,1246600000.0
3.2467,233.5,2276.8,4078.3,1244000000.0
3.2537,234.60000000000002,2277.4,4079.0,1241500000.0
3.2607,235.70000000000002,2278.1,4079.7,1238900000.0
3.2676,236.81,2278.8,4080.3,1236400000.0
3.2746,237.91,2279.5,4081.0,1233900000.0
3.2815,239.02,2280.1,4081.7,1231300000.0
3.2884,240.12,2280.8,4082.3,1228800000.0
3.2953,241.23000000000002,2281.5,4083.0,1226300000.0
3.3021,242.34,2282.1,4083.6,1223700000.0
3.309,243.45000000000002,2282.8,4084.3,1221200000.0
3.3158,244.56,2283.4,4084.9,1218600000.0
3.3226,245.67000000000002,2284.1,4085.6,1216100000.0
3.3294,246.78,2284.7,4086.2,1213600000.0
3.3361,247.9,2285.4,4086.8,1211000000.0
3.3429,249.01000000000002,2286.0,4087.5,1208500000.0
3.3496,250.13,2286.7,4088.1,1205900000.0
3.3563,251.24,2287.3,4088.7,1203400000.0
3.363,252.36,2287.9,4089.4,1200900000.0
3.3696,253.48000000000002,2288.6,4090.0,1198300000.0
3.3763,254.60000000000002,2289.2,4090.6,1195800000.0
3.3829,255.72,2289.8,4091.2,1193200000.0
3.3895,256.84000000000003,2290.5,4091.9,1190700000.0
3.396,257.96000000000004,2291.1,4092.5,1188200000.0
3.4026,259.08,2291.7,4093.1,1185600000.0
3.4091,260.2,2292.3,4093.7,1183100000.0
3.4156,261.33,2292.9,4094.3,1180600000.0
3.4221,262.45,2293.5,4094.9,1178000000.0
3.4286,263.57,2294.1,4095.5,1175500000.0
3.435,264.7,2294.7,4096.1,1172900000.0
3.4415,265.82,2295.3,4096.7,1170400000.0
3.4479,266.95,2295.9,4097.3,1167900000.0
3.4543,268.08,2296.5,4097.9,1165300000.0
3.4606,269.21000000000004,2297.1,4098.5,1162800000.0
3.467,270.33,2297.7,4099.0,1160200000.0
3.4733,271.46000000000004,2298.3,4099.6,1157700000.0
3.4796,272.59000000000003,2298.9,4100.2,1155200000.0
3.4859,273.72,2299.5,4100.8,1152600000.0
3.4921,274.85,2300.1,4101.4,1150100000.0
3.4984,275.98,2300.6,4101.9,1147500000.0
3.5046,277.11,2301.2,4102.5,1145000000.0
3.5108,278.24,2301.8,4103.1,1142500000.0
3.5169,279.38,2302.4,4103.6,1139900000.0
3.5231,280.51,2302.9,4104.2,1137400000.0
3.5292,281.64,2303.5,4104.8,1134900000.0
3.5353,282.77000000000004,2304.1,4105.3,1132300000.0
3.5414,283.91,2304.6,4105.9,1129800000.0
3.5474,285.04,2305.2,4106.4,1127200000.0
3.5535,286.17,2305.8,4107.0,1124700000.0
3.5595,287.31,2306.3,4107.5,1122200000.0
3.5655,288.44,2306.9,4108.1,1119600000.0
3.5715,289.57,2307.4,4108.6,1117100000.0
3.5774,290.71000000000004,2308.0,4109.2,1114500000.0
3.5833,291.84000000000003,2308.5,4109.7,1112000000.0
3.5892,292.98,2309.0,4110.2,1109500000.0
3.5951,294.11,2309.6,4110.8,1106900000.0
3.601,295.25,2310.1,4111.3,1104400000.0
3.6068,296.38,2310.7,4111.8,1101800000.0
3.6126,297.52000000000004,2311.2,4112.4,1099300000.0
3.6184,298.65000000000003,2311.7,4112.9,1096800000.0
3.6242,299.79,2312.3,4113.4,1094200000.0
3.6299,300.92,2312.8,4113.9,1091700000.0
3.6357,302.06,2313.3,4114.5,1089200000.0
3.6414,303.19,2313.8,4115.0,1086600000.0
3.647,304.33,2314.4,4115.5,1084100000.0
3.6527,305.46000000000004,2314.9,4116.0,1081500000.0
3.6583,306.6,2315.4,4116.5,1079000000.0
3.6639,307.73,2315.9,4117.0,1076500000.0
3.6695,308.86,2316.4,4117.5,1073900000.0
3.6751,310.0,2316.9,4118.0,1071400000.0
3.6806,311.13,2317.4,4118.5,1068800000.0
3.6861,312.27000000000004,2317.9,4119.0,1066300000.0
3.6916,313.40000000000003,2318.4,4119.5,1063800000.0
3.6971,314.53000000000003,2318.9,4120.0,1061200000.0
3.7026,315.67,2319.4,4120.5,1058700000.0
3.708,316.8,2319.9,4121.0,1056100000.0
3.7134,317.93,2320.4,4121.5,1053600000.0
3.7188,319.06,2320.9,4122.0,1051100000.0
3.7241,320.19,2321.4,4122.5,1048500000.0
3.7295,321.33,2321.9,4123.0,1046000000.0
3.7348,322.46000000000004,2322.4,4123.5,1043500000.0
3.7401,323.59000000000003,2322.9,4123.9,1040900000.0
3.7453,324.72,2323.4,4124.4,1038400000.0
3.7506,325.85,2323.9,4124.9,1035800000.0
3.7558,326.98,2324.3,4125.4,1033300000.0
3.761,328.1,2324.8,4125.9,1030800000.0
3.7662,329.23,2325.3,4126.3,1028200000.0
3.7713,330.36,2325.8,4126.8,1025700000.0
3.7765,331.49,2326.2,4127.3,1023100000.0
3.7816,332.61,2326.7,4127.7,1020600000.0
3.7866,333.74,2327.2,4128.2,1018100000.0
3.7917,334.86,2327.6,4128.6,1015500000.0
3.7967,335.99,2328.1,4129.1,1013000000.0
3.8018,337.11,2328.6,4129.6,1010500000.0
3.8067,338.24,2329.0,4130.0,1007900000.0
3.8117,339.36,2329.5,4130.5,1005400000.0
3.8167,340.48,2329.9,4130.9,1002800000.0
3.8216,341.6,2330.4,4131.4,1000300000.0
3.8265,342.72,2330.8,4131.8,997760000.0
3.8313,343.84000000000003,2331.3,4132.3,995220000.0
3.8362,344.96000000000004,2331.7,4132.7,992680000.0
3.841,346.08000000000004,2332.2,4133.2,990140000.0
3.8458,347.2,2332.6,4133.6,987600000.0
3.8506,348.31,2333.1,4134.0,985060000.0
3.8554,349.43,2333.5,4134.5,982520000.0
3.8601,350.54,2334.0,4134.9,979980000.0
3.8648,351.66,2334.4,4135.4,977450000.0
3.8695,352.77000000000004,2334.8,4135.8,974910000.0
3.8742,353.88,2335.3,4136.2,972370000.0
3.8788,354.99,2335.7,4136.7,969830000.0
3.8834,356.1,2336.1,4137.1,967290000.0
3.888,357.21000000000004,2336.6,4137.5,964750000.0
3.8926,358.32,2337.0,4137.9,962210000.0
3.8971,359.42,2337.4,4138.4,959670000.0
3.9016,360.53000000000003,2337.8,4138.8,957140000.0
3.9061,361.64,2338.3,4139.2,954600000.0
3.9106,362.74,2338.7,4139.6,952060000.0
3.9151,363.84000000000003,2339.1,4140.0,949520000.0
3.9195,364.94,2339.5,4140.4,946980000.0
3.9239,366.04,2339.9,4140.9,944440000.0
3.9283,367.14,2340.4,4141.3,941900000.0
3.9327,368.24,2340.8,4141.7,939360000.0
3.937,369.34000000000003,2341.2,4142.1,936820000.0
3.9413,370.43,2341.6,4142.5,934290000.0
3.9456,371.53000000000003,2342.0,4142.9,931750000.0
3.9499,372.62,2342.4,4143.3,929210000.0
3.9541,373.71000000000004,2342.8,4143.7,926670000.0
3.9584,374.8,2343.2,4144.1,924130000.0
3.9626,375.89,2343.6,4144.5,921590000.0
3.9667,376.98,2344.0,4144.9,919050000.0
3.9709,378.07,2344.4,4145.3,916510000.0
3.975,379.15000000000003,2344.8,4145.7,913980000.0
3.9791,380.23,2345.2,4146.1,911440000.0
3.9832,381.32,2345.6,4146.5,908900000.0
3.9873,382.40000000000003,2346.0,4146.9,906360000.0
3.9913,383.48,2346.4,4147.2,903820000.0
3.9953,384.56,2346.8,4147.6,901280000.0
3.9993,385.63,2347.2,4148.0,898740000.0
4.0033,386.71000000000004,2347.5,4148.4,896200000.0
4.0072,387.78000000000003,2347.9,4148.8,893660000.0
4.0112,388.85,2348.3,4149.2,891130000.0
4.0151,389.92,2348.7,4149.5,888590000.0
4.0189,390.99,2349.1,4149.9,886050000.0
4.0228,392.06,2349.5,4150.3,883510000.0
4.0266,393.13,2349.8,4150.7,880970000.0
4.0304,394.19,2350.2,4151.0,878430000.0
4.0342,395.25,2350.6,4151.4,875890000.0
4.038,396.31,2350.9,4151.8,873350000.0
4.0417,397.37,2351.3,4152.1,870820000.0
4.0454,398.43,2351.7,4152.5,868280000.0
4.0491,399.49,2352.1,4152.9,865740000.0
4.0528,400.54,2352.4,4153.2,863200000.0
4.0565,401.59000000000003,2352.8,4153.6,860660000.0
4.0601,402.65000000000003,2353.1,4154.0,858120000.0
4.0637,403.69,2353.5,4154.3,855580000.0
4.0673,404.74,2353.9,4154.7,853040000.0
4.0709,405.79,2354.2,4155.0,850500000.0
4.0744,406.83000000000004,2354.6,4155.4,847970000.0
4.0779,407.87,2354.9,4155.7,845430000.0
4.0814,408.91,2355.3,4156.1,842890000.0
4.0849,409.95,2355.7,4156.4,840350000.0
4.0883,410.99,2356.0,4156.8,837810000.0
4.0918,412.02000000000004,2356.4,4157.1,835270000.0
4.0952,413.06,2356.7,4157.5,832730000.0
4.0985,414.09000000000003,2357.0,4157.8,830190000.0
4.1019,415.12,2357.4,4158.2,827660000.0
4.1052,416.14000000000004,2357.7,4158.5,825120000.0
4.1086,417.17,2358.1,4158.9,822580000.0
4.1119,418.19,2358.4,4159.2,820040000.0
4.1151,419.21000000000004,2358.8,4159.5,817500000.0
4.1184,420.23,2359.1,4159.9,814960000.0
4.1216,421.25,2359.4,4160.2,812420000.0
4.1248,422.26,2359.8,4160.5,809880000.0
4.128,423.28000000000003,2360.1,4160.9,807340000.0
4.1312,424.29,2360.4,4161.2,804810000.0
4.1343,425.3,2360.8,4161.5,802270000.0
4.1374,426.3,2361.1,4161.9,799730000.0
4.1405,427.31,2361.4,4162.2,797190000.0
4.1436,428.31,2361.8,4162.5,794650000.0
4.1467,429.31,2362.1,4162.8,792110000.0
4.1497,430.31,2362.4,4163.2,789570000.0
4.1527,431.31,2362.7,4163.5,787030000.0
4.1557,432.3,2363.1,4163.8,784500000.0
4.1587,433.29,2363.4,4164.1,781960000.0
4.1616,434.28000000000003,2363.7,4164.4,779420000.0
4.1646,435.27000000000004,2364.0,4164.8,776880000.0
4.1675,436.26,2364.3,4165.1,774340000.0
4.1704,437.24,2364.7,4165.4,771800000.0
4.1732,438.22,2365.0,4165.7,769260000.0
4.1761,439.2,2365.3,4166.0,766720000.0
4.1789,440.18,2365.6,4166.3,764180000.0
4.1817,441.15000000000003,2365.9,4166.6,761650000.0
4.1845,442.12,2366.2,4166.9,759110000.0
4.1872,443.09000000000003,2366.5,4167.3,756570000.0
4.19,444.06,2366.8,4167.6,754030000.0
4.1927,445.02000000000004,2367.2,4167.9,751490000.0
4.1954,445.99,2367.5,4168.2,748950000.0
4.1981,446.95,2367.8,4168.5,746410000.0
4.2007,447.90000000000003,2368.1,4168.8,743870000.0
4.2034,448.86,2368.4,4169.1,741340000.0
4.206,449.81,2368.7,4169.4,738800000.0
4.2086,450.76,2369.0,4169.7,736260000.0
4.2112,451.71000000000004,2369.3,4170.0,733720000.0
4.2137,452.66,2369.6,4170.3,731180000.0
4.2163,453.6,2369.9,4170.5,728640000.0
4.2188,454.54,2370.1,4170.8,726100000.0
4.2213,455.48,2370.4,4171.1,723560000.0
4.2237,456.41,2370.7,4171.4,721020000.0
4.2262,457.35,2371.0,4171.7,718490000.0
4.2286,458.28000000000003,2371.3,4172.0,715950000.0
4.2311,459.21000000000004,2371.6,4172.3,713410000.0
4.2334,460.13,2371.9,4172.6,710870000.0
4.2358,461.05,2372.2,4172.8,708330000.0
4.2382,461.98,2372.5,4173.1,705790000.0
4.2405,462.89000000000004,2372.7,4173.4,703250000.0
4.2428,463.81,2373.0,4173.7,700710000.0
4.2451,464.72,2373.3,4174.0,698180000.0
4.2474,465.63,2373.6,4174.2,695640000.0
4.2497,466.54,2373.9,4174.5,693100000.0
4.2519,467.44,2374.1,4174.8,690560000.0
4.2541,468.35,2374.4,4175.1,688020000.0
4.2563,469.25,2374.7,4175.3,685480000.0
4.2585,470.14000000000004,2375.0,4175.6,682940000.0
4.2607,471.04,2375.2,4175.9,680400000.0
4.2628,471.93,2375.5,4176.2,677860000.0
4.265,472.82,2375.8,4176.4,675330000.0
4.2671,473.71000000000004,2376.0,4176.7,672790000.0
4.2692,474.59000000000003,2376.3,4177.0,670250000.0
4.2712,475.47,2376.6,4177.2,667710000.0
4.2733,476.35,2376.8,4177.5,665170000.0
4.2753,477.22,2377.1,4177.7,662630000.0
4.2773,478.1,2377.4,4178.0,660090000.0
4.2793,478.97,2377.6,4178.3,657550000.0
4.2813,479.83000000000004,2377.9,4178.5,655020000.0
4.2833,480.70000000000005,2378.1,4178.8,652480000.0
4.2852,481.56,2378.4,4179.0,649940000.0
4.2871,482.42,2378.7,4179.3,647400000.0
4.289,483.27000000000004,2378.9,4179.5,644860000.0
4.2909,484.13,2379.2,4179.8,642320000.0
4.2928,484.98,2379.4,4180.1,639780000.0
4.2947,485.82,2379.7,4180.3,637240000.0
4.2965,486.67,2379.9,4180.6,634710000.0
4.2983,487.51,2380.2,4180.8,632170000.0
4.3001,488.35,2380.4,4181.0,629630000.0
4.3019,489.19,2380.7,4181.3,627090000.0
4.3037,490.02000000000004,2380.9,4181.5,624550000.0
4.3054,490.85,2381.2,4181.8,622010000.0
4.3071,491.68,2381.4,4182.0,619470000.0
4.3088,492.5,2381.7,4182.3,616930000.0
4.3105,493.32,2381.9,4182.5,614390000.0
4.3122,494.14000000000004,2382.1,4182.8,611860000.0
4.3139,494.96000000000004,2382.4,4183.0,609320000.0
4.3155,495.77000000000004,2382.6,4183.2,606780000.0
4.3172,496.58000000000004,2382.9,4183.5,604240000.0
4.3188,497.39000000000004,2383.1,4183.7,601700000.0
4.3204,498.19,2383.3,4183.9,599160000.0
4.322,498.99,2383.6,4184.2,596620000.0
4.3235,499.79,2383.8,4184.4,594080000.0
4.3251,500.58000000000004,2384.0,4184.6,591550000.0
4.3266,501.38,2384.3,4184.9,589010000.0
4.3281,502.17,2384.5,4185.1,586470000.0
4.3296,502.95000000000005,2384.7,4185.3,583930000.0
4.3311,503.73,2384.9,4185.5,581390000.0
4.3326,504.51,2385.2,4185.8,578850000.0
4.334,505.29,2385.4,4186.0,576310000.0
4.3354,506.06,2385.6,4186.2,573770000.0
4.3369,506.84000000000003,2385.8,4186.4,571230000.0
4.3383,507.6,2386.1,4186.7,568700000.0
4.3397,508.37,2386.3,4186.9,566160000.0
4.341,509.13,2386.5,4187.1,563620000.0
4.3424,509.89000000000004,2386.7,4187.3,561080000.0
4.3437,510.64000000000004,2386.9,4187.5,558540000.0
4.3451,511.39000000000004,2387.2,4187.8,556000000.0
4.3464,512.14,2387.4,4188.0,553460000.0
4.3477,512.89,2387.6,4188.2,550920000.0
4.349,513.63,2387.8,4188.4,548390000.0
4.3502,514.37,2388.0,4188.6,545850000.0
4.3515,515.11,2388.2,4188.8,543310000.0
4.3527,515.84,2388.4,4189.0,540770000.0
4.3539,516.57,2388.7,4189.2,538230000.0
4.3552,517.3000000000001,2388.9,4189.4,535690000.0
4.3563,518.02,2389.1,4189.6,533150000.0
4.3575,518.75,2389.3,4189.9,530610000.0
4.3587,519.46,2389.5,4190.1,528070000.0
4.3598,520.1800000000001,2389.7,4190.3,525540000.0
4.361,520.89,2389.9,4190.5,523000000.0
4.3621,521.6,2390.1,4190.7,520460000.0
4.3632,522.3000000000001,2390.3,4190.9,517920000.0
4.3643,523.0,2390.5,4191.1,515380000.0
4.3654,523.7,2390.7,4191.3,512840000.0
4.3665,524.4,2390.9,4191.5,510300000.0
4.3675,525.09,2391.1,4191.7,507760000.0
4.3686,525.78,2391.3,4191.9,505230000.0
4.3696,526.47,2391.5,4192.0,502690000.0
4.3706,527.15,2391.7,4192.2,500150000.0
4.3716,527.83,2391.9,4192.4,497610000.0
4.3726,528.5,2392.1,4192.6,495070000.0
4.3736,529.1800000000001,2392.3,4192.8,492530000.0
4.3746,529.85,2392.4,4193.0,489990000.0
4.3755,530.51,2392.6,4193.2,487450000.0
4.3764,531.1700000000001,2392.8,4193.4,484910000.0
4.3774,531.83,2393.0,4193.6,482380000.0
4.3783,532.49,2393.2,4193.7,479840000.0
4.3792,533.14,2393.4,4193.9,477300000.0
4.3801,533.79,2393.6,4194.1,474760000.0
4.381,534.44,2393.7,4194.3,472220000.0
4.3818,535.08,2393.9,4194.5,469680000.0
4.3827,535.72,2394.1,4194.7,467140000.0
4.3835,536.36,2394.3,4194.8,464600000.0
4.3843,536.99,2394.5,4195.0,462070000.0
4.3852,537.63,2394.6,4195.2,459530000.0
4.386,538.25,2394.8,4195.4,456990000.0
4.3868,538.88,2395.0,4195.5,454450000.0
4.3875,539.5,2395.2,4195.7,451910000.0
4.3883,540.11,2395.4,4195.9,449370000.0
4.3891,540.73,2395.5,4196.1,446830000.0
4.3898,541.34,2395.7,4196.2,444290000.0
4.3906,541.94,2395.9,4196.4,441750000.0
4.3913,542.5500000000001,2396.1,4196.6,439220000.0
4.392,543.15,2396.3,4196.8,436680000.0
4.3927,543.74,2396.5,4197.0,434140000.0
4.3934,544.34,2396.6,4197.2,431600000.0
4.3941,544.9300000000001,2396.8,4197.3,429060000.0
4.3948,545.51,2397.0,4197.5,426520000.0
4.3954,546.1,2397.2,4197.7,423980000.0
4.3961,546.6800000000001,2397.4,4197.9,421440000.0
4.3967,547.26,2397.5,4198.0,418910000.0
4.3973,547.83,2397.7,4198.2,416370000.0
4.398,548.4,2397.9,4198.4,413830000.0
4.3986,548.97,2398.1,4198.6,411290000.0
4.3992,549.53,2398.2,4198.7,408750000.0
4.3998,550.09,2398.4,4198.9,406210000.0
4.4004,550.64,2398.6,4199.1,403670000.0
4.4009,551.2,2398.8,4199.2,401130000.0
4.4015,551.75,2398.9,4199.4,398590000.0
4.402,552.29,2399.1,4199.6,396060000.0
4.4026,552.84,2399.3,4199.7,393520000.0
4.4031,553.38,2399.4,4199.9,390980000.0
4.4036,553.91,2399.6,4200.1,388440000.0
4.4042,554.44,2399.7,4200.2,385900000.0
4.4047,554.97,2399.9,4200.4,383360000.0
4.4052,555.5,2400.1,4200.5,380820000.0
4.4057,556.02,2400.2,4200.7,378280000.0
4.4061,556.54,2400.4,4200.8,375750000.0
4.4066,557.0600000000001,2400.6,4201.0,373210000.0
4.4071,557.57,2400.7,4201.2,370670000.0
4.4075,558.08,2400.9,4201.3,368130000.0
4.408,558.58,2401.0,4201.5,365590000.0
4.4084,559.08,2401.2,4201.6,363050000.0
4.4088,559.58,2401.3,4201.8,360510000.0
4.4093,560.08,2401.5,4201.9,357970000.0
4.4097,560.57,2401.6,4202.1,355430000.0
4.4101,561.0600000000001,2401.8,4202.2,352900000.0
4.4105,561.54,2401.9,4202.4,350360000.0
4.4109,562.02,2402.1,4202.5,347820000.0
4.4113,562.5,2402.2,4202.6,345280000.0
4.4116,562.98,2402.4,4202.8,342740000.0
4.412,563.45,2402.5,4202.9,340200000.0
4.4124,563.91,2402.6,4203.1,337660000.0
4.4127,564.38,2402.8,4203.2,335120000.0
4.4131,564.84,2402.9,4203.3,332590000.0
4.4134,565.3000000000001,2403.1,4203.5,330050000.0
4.4137,565.75,2403.2,4203.6,327510000.0
4.4141,566.2,2403.3,4203.8,324970000.0
4.4144,566.65,2403.5,4203.9,322430000.0
4.4147,567.09,2403.6,4204.0,319890000.0
4.415,567.53,2403.8,4204.2,317350000.0
4.4153,567.96,2403.9,4204.3,314810000.0
4.4156,568.4,2404.0,4204.4,312270000.0
4.4159,568.83,2404.1,4204.5,309740000.0
4.4161,569.25,2404.3,4204.7,307200000.0
4.4164,569.6700000000001,2404.4,4204.8,304660000.0
4.4167,570.09,2404.5,4204.9,302120000.0
4.4169,570.51,2404.7,4205.0,299580000.0
4.4172,570.9200000000001,2404.8,4205.2,297040000.0
4.4175,571.33,2404.9,4205.3,294500000.0
4.4177,571.73,2405.0,4205.4,291960000.0
4.4179,572.14,2405.2,4205.5,289430000.0
4.4182,572.53,2405.3,4205.7,286890000.0
4.4184,572.9300000000001,2405.4,4205.8,284350000.0
4.4186,573.32,2405.5,4205.9,281810000.0
4.4188,573.71,2405.6,4206.0,279270000.0
4.419,574.09,2405.8,4206.1,276730000.0
4.4192,574.47,2405.9,4206.2,274190000.0
4.4194,574.85,2406.0,4206.3,271650000.0
4.4196,575.22,2406.1,4206.5,269110000.0
4.4198,575.59,2406.2,4206.6,266580000.0
4.42,575.96,2406.3,4206.7,264040000.0
4.4202,576.32,2406.4,4206.8,261500000.0
4.4203,576.6800000000001,2406.5,4206.9,258960000.0
4.4205,577.0400000000001,2406.7,4207.0,256420000.0
4.4207,577.39,2406.8,4207.1,253880000.0
4.4208,577.74,2406.9,4207.2,251340000.0
4.421,578.08,2407.0,4207.3,248800000.0
4.4212,578.4300000000001,2407.1,4207.4,246270000.0
4.4213,578.77,2407.2,4207.5,243730000.0
4.4214,579.1,2407.3,4207.6,241190000.0
4.4216,579.4300000000001,2407.4,4207.7,238650000.0
4.4217,579.76,2407.5,4207.8,236110000.0
4.4218,580.09,2407.6,4207.9,233570000.0
4.422,580.41,2407.7,4208.0,231030000.0
4.4221,580.72,2407.8,4208.1,228490000.0
4.4222,581.0400000000001,2407.9,4208.2,225950000.0
4.4223,581.35,2408.0,4208.3,223420000.0
4.4224,581.66,2408.1,4208.4,220880000.0
4.4225,581.96,2408.2,4208.5,218340000.0
4.4227,582.26,2408.2,4208.6,215800000.0
4.4228,582.5600000000001,2408.3,4208.7,213260000.0
4.4228,582.85,2408.4,4208.7,210720000.0
4.4229,583.14,2408.5,4208.8,208180000.0
4.423,583.4200000000001,2408.6,4208.9,205640000.0
4.4231,583.71,2408.7,4209.0,203110000.0
4.4232,583.99,2408.8,4209.1,200570000.0
4.4233,584.26,2408.9,4209.2,198030000.0
4.4234,584.53,2408.9,4209.2,195490000.0
4.4234,584.8000000000001,2409.0,4209.3,192950000.0
4.4235,585.07,2409.1,4209.4,190410000.0
4.4236,585.33,2409.2,4209.5,187870000.0
4.4237,585.59,2409.3,4209.6,185330000.0
4.4237,585.84,2409.3,4209.6,182800000.0
4.4238,586.09,2409.4,4209.7,180260000.0
4.4238,586.34,2409.5,4209.8,177720000.0
4.4239,586.58,2409.6,4209.9,175180000.0
4.424,586.82,2409.6,4209.9,172640000.0
4.424,587.0600000000001,2409.7,4210.0,170100000.0
4.4241,587.3000000000001,2409.8,4210.1,167560000.0
4.4241,587.53,2409.8,4210.1,165020000.0
4.4242,587.75,2409.9,4210.2,162480000.0
4.4242,587.97,2410.0,4210.3,159950000.0
4.4242,588.19,2410.1,4210.3,157410000.0
4.4243,588.41,2410.1,4210.4,154870000.0
4.4243,588.62,2410.2,4210.5,152330000.0
4.4244,588.83,2410.2,4210.5,149790000.0
4.4244,589.0400000000001,2410.3,4210.6,147250000.0
4.4244,589.24,2410.4,4210.7,144710000.0
4.4245,589.44,2410.4,4210.7,142170000.0
4.4245,589.63,2410.5,4210.8,139640000.0
4.4245,589.83,2410.5,4210.8,137100000.0
4.4245,590.01,2410.6,4210.9,134560000.0
4.4246,590.2,2410.7,4210.9,132020000.0
4.4246,590.38,2410.7,4211.0,129480000.0
4.4246,590.5600000000001,2410.8,4211.1,126940000.0
4.4246,590.73,2410.8,4211.1,124400000.0
4.4247,590.9,2410.9,4211.2,121860000.0
4.4247,591.07,2410.9,4211.2,119320000.0
4.4247,591.23,2411.0,4211.3,116790000.0
4.4247,591.39,2411.0,4211.3,114250000.0
4.4247,591.5500000000001,2411.1,4211.4,111710000.0
4.4247,591.7,2411.1,4211.4,109170000.0
4.4248,591.85,2411.2,4211.4,106630000.0
4.4248,592.0,2411.2,4211.5,104090000.0
4.4248,592.14,2411.3,4211.5,101550000.0
4.4248,592.28,2411.3,4211.6,99014000.0
4.4248,592.4200000000001,2411.3,4211.6,96475000.0
4.4248,592.5500000000001,2411.4,4211.7,93936000.0
4.4248,592.6800000000001,2411.4,4211.7,91398000.0
4.4248,592.8100000000001,2411.5,4211.7,88859000.0
4.4248,592.9300000000001,2411.5,4211.8,86320000.0
4.4249,593.0500000000001,2411.5,4211.8,83781000.0
4.4249,593.1700000000001,2411.6,4211.8,81242000.0
4.4249,593.28,2411.6,4211.9,78703000.0
4.4249,593.39,2411.6,4211.9,76165000.0
4.4249,593.5,2411.7,4211.9,73626000.0
4.4249,593.6,2411.7,4212.0,71087000.0
4.4249,593.7,2411.7,4212.0,68548000.0
4.4249,593.8000000000001,2411.8,4212.0,66009000.0
4.4249,593.89,2411.8,4212.0,63471000.0
4.4249,593.98,2411.8,4212.1,60932000.0
4.4249,594.07,2411.8,4212.1,58393000.0
4.4249,594.15,2411.9,4212.1,55854000.0
4.4249,594.23,2411.9,4212.1,53315000.0
4.4249,594.3100000000001,2411.9,4212.2,50776000.0
4.4249,594.39,2411.9,4212.2,48238000.0
4.4249,594.46,2411.9,4212.2,45699000.0
4.4249,594.5400000000001,2412.0,4212.2,43160000.0
4.4249,594.61,2412.0,4212.2,40621000.0
4.4249,594.6700000000001,2412.0,4212.3,38082000.0
4.4249,594.74,2412.0,4212.3,35543000.0
4.4249,594.8100000000001,2412.0,4212.3,33005000.0
4.4249,594.87,2412.0,4212.3,30466000.0
4.4249,594.94,2412.1,4212.3,27927000.0
4.4249,595.01,2412.1,4212.3,25388000.0
4.4249,595.08,2412.1,4212.3,22849000.0
4.4249,595.16,2412.1,4212.3,20311000.0
4.4249,595.26,2412.1,4212.4,17772000.0
4.4249,595.37,2412.1,4212.4,15233000.0
4.4249,595.53,2412.1,4212.4,12694000.0
4.4249,595.75,2412.1,4212.4,10155000.0
4.4249,596.14,2412.1,4212.4,7616500.0
4.4249,597.0,2412.1,4212.4,5077600.0
4.4249,600.4,2412.1,4212.4,2538800.0
