#density_[g_m3],pressure_[GPa],temperature_cold_podolak_[K],temperature_hot_nettel_[K],radius_[m]
0.000449,0.0001,76.0,76.0,2538800000.0
0.00049532,0.0001129,79.587,77.8582259287339,2538500000.0
0.00054527,0.00012668,83.007,79.75429553264605,2538200000.0
0.0005984,0.00014235000000000002,86.481,81.6360225140713,2537900000.0
0.00065498,0.00015955,89.904,83.60490587564175,2537500000.0
0.000715,0.00017839,93.277,85.49869519832986,2537200000.0
0.00077872,0.00019831000000000002,96.502,87.49755980861244,2536900000.0
0.00084601,0.00022071000000000002,99.788,89.50461538461539,2536600000.0
0.00091668,0.00024505,103.03,91.58589379813539,2536300000.0
0.0010696,0.00029701,109.28,95.71992805755396,2535600000.0
0.0012377,0.00035862000000000003,115.49,100.08052932982511,2535000000.0
0.0014202,0.00042884,121.5,104.49790604026846,2534400000.0
0.0016181,0.00051073,127.49,109.11101983335288,2533700000.0
0.0018293,0.00060262,133.28,113.84655225886488,2533100000.0
0.0020554,0.00070821,139.08,118.7962962962963,2532500000.0
0.0022951,0.0008250600000000001,144.71,123.78014236622484,2531800000.0
0.0025491,0.00095766,150.35,129.02994785929354,2531200000.0
0.002814,0.0011027,155.83,134.33221957040573,2530600000.0
0.0030901,0.0012655000000000001,161.33,139.9039711191336,2529900000.0
0.0033782,0.0014415,166.68,145.5192751235585,2529300000.0
0.0036745,0.0016371,172.06,151.40845495722195,2528600000.0
0.0039824,0.0018466,177.29,157.26035201482168,2528000000.0
0.0042971,0.0020774,182.56,163.36201284796576,2527400000.0
0.0046205,0.0023226,187.69,169.42292411601113,2526700000.0
0.004951,0.0025907,192.86,175.73584905660377,2526100000.0
0.0063767,0.0037328,212.71,197.9693954363679,2523600000.0
0.0080845,0.005201,231.89,219.2223011015912,2521000000.0
0.0099714,0.0070734000000000005,250.59,240.07422821414616,2518500000.0
0.011988,0.0093875,268.77,261.8847740746675,2516000000.0
0.014076,0.012175,286.46,284.6555031975766,2513400000.0
0.016343,0.015455,303.69,307.16095100864555,2510900000.0
0.018775,0.019255,320.41,328.67138591689474,2508300000.0
0.021303,0.023647,336.78,349.3325429628018,2505800000.0
0.023916,0.028640000000000002,352.75,369.31269963440445,2503300000.0
0.026557,0.034257,368.34,388.80206327372764,2500700000.0
0.029322,0.040506,383.57,407.87332402234637,2498200000.0
0.032169,0.047420000000000004,398.45,426.4864549669805,2495600000.0
0.034991,0.055019000000000005,413.0,444.75964033397565,2493100000.0
0.037868,0.063302,427.23,462.74085805460345,2490600000.0
0.040747,0.072283,441.16,480.3645207126462,2488000000.0
0.043664,0.081928,454.76,497.7300040642146,2485500000.0
0.046589,0.092324,468.12,515.002066938466,2483000000.0
0.04947,0.10344,481.22,532.1528888888889,2480400000.0
0.0523,0.11526,494.07,549.0606365159128,2477900000.0
0.055124,0.12779000000000001,506.68,565.6773555027712,2475300000.0
0.057983,0.14101,519.05,581.9761261261261,2472800000.0
0.060862,0.15495,531.19,597.903635067712,2470300000.0
0.063526,0.16961,543.13,613.2992522093814,2467700000.0
0.066188,0.18494,554.85,628.1523747560182,2465200000.0
0.068843,0.20088,566.33,642.4431690580162,2462600000.0
0.071494,0.21756,577.67,656.3658478130617,2460100000.0
0.074144,0.23491,588.82,669.9510368663595,2457600000.0
0.076724,0.25294,599.8,683.3138734739179,2455000000.0
0.079254,0.27164,610.61,696.5620578778135,2452500000.0
0.081777,0.29098,621.25,709.78,2449900000.0
0.084292,0.3109,631.69,722.945664160401,2447400000.0
0.086782,0.33156,642.02,736.3324915007285,2444900000.0
0.089238,0.35286,652.21,749.8382657869935,2442300000.0
0.091685,0.37481000000000003,662.25,763.4458828911254,2439800000.0
0.094118,0.39740000000000003,672.15,777.2374833259227,2437300000.0
0.096549,0.42064,681.91,790.977345438824,2434700000.0
0.099002,0.44452,691.55,804.6996632996634,2432200000.0
0.10145,0.46905,701.06,818.4219672131148,2429600000.0
0.10389,0.49424,710.45,831.9684630738524,2427100000.0
0.10633,0.52008,719.72,845.3099260412612,2424600000.0
0.10873,0.54657,728.87,858.3531890660593,2422000000.0
0.11112,0.57372,737.91,871.2802743789396,2419500000.0
0.11351,0.6014,746.8,883.7772183991308,2416900000.0
0.11589,0.62985,755.63,895.9230088495575,2414400000.0
0.11803,0.65894,764.35,907.8498441288535,2411900000.0
0.12004,0.6886300000000001,772.97,919.2975883152174,2409300000.0
0.12201,0.7188800000000001,781.49,930.3328218812542,2406800000.0
0.12396,0.74956,789.88,941.1091743119266,2404300000.0
0.1259,0.78091,798.21,951.5319059884096,2401700000.0
0.12782,0.81281,806.45,961.6405884213856,2399200000.0
0.12973,0.84526,814.61,971.5444928438084,2396600000.0
0.13176,0.8782500000000001,822.67,981.138972162741,2394100000.0
0.13384,0.9118200000000001,830.66,990.5215066469719,2391600000.0
0.13588,0.94599,838.56,999.7045599767645,2389000000.0
0.13791,0.9807400000000001,846.38,1008.7811320754718,2386500000.0
0.13993,1.0161,854.13,1017.6688202247191,2383900000.0
0.14195,1.052,861.79,1026.4287292817678,2381400000.0
0.14395,1.0885,869.39,1034.9937329700272,2378900000.0
0.14595,1.1256,876.91,1043.567292225201,2376300000.0
0.14795,1.1631,884.33,1051.8976253298154,2373800000.0
0.14996,1.2013,891.71,1060.1537662337662,2371200000.0
0.15195,1.2402,899.02,1068.423076923077,2368700000.0
0.15395,1.2796,906.26,1076.5868686868687,2366200000.0
0.15589,1.3196,913.44,1084.6562189054728,2363600000.0
0.15772,1.3602,920.55,1092.7152334152336,2361100000.0
0.15955,1.4012,927.58,1100.660774818402,2358600000.0
0.16138,1.4429,934.57,1108.6143540669857,2356000000.0
0.1632,1.4852,941.5,1116.4933962264151,2353500000.0
0.16502,1.528,948.36,1124.3410256410257,2350900000.0
0.16682,1.5714000000000001,955.18,1132.115172413793,2348400000.0
0.16862,1.6153,961.93,1139.8725,2345900000.0
0.17042,1.6598000000000002,968.63,1147.6269058295966,2343300000.0
0.17221,1.7049,975.27,1155.3146341463414,2340800000.0
0.17399,1.7503,981.83,1163.0304157549235,2338200000.0
0.17577,1.7964,988.37,1170.6818181818182,2335700000.0
0.17754,1.8431,994.85,1178.3483940042827,2333200000.0
0.17931,1.8904,1001.3,1186.0264270613109,2330600000.0
0.18107,1.9382000000000001,1007.7,1193.70751565762,2328100000.0
0.18283,1.9866000000000001,1014.0,1201.4487603305786,2325500000.0
0.18457,2.0355,1020.3,1209.1061224489797,2323000000.0
0.18631,2.085,1026.5,1216.7656565656566,2320500000.0
0.18804,2.1351,1032.7,1224.4392,2317900000.0
0.18977,2.1857,1038.9,1232.1287968441816,2315400000.0
0.19149,2.2366,1044.9,1239.8185909980432,2312900000.0
0.19321,2.2884,1051.0,1247.5255319148937,2310300000.0
0.19491,2.3406000000000002,1057.0,1255.2759082217974,2307800000.0
0.19653,2.3935,1063.0,1263.04375,2305200000.0
0.19816,2.4468,1068.9,1270.7958724202626,2302700000.0
0.19979,2.5005,1074.8,1278.5575139146567,2300200000.0
0.2014,2.555,1080.6,1286.3972375690607,2297600000.0
0.20301,2.61,1086.4,1294.1967272727272,2295100000.0
0.20462,2.6655,1092.2,1302.0498194945849,2292500000.0
0.20622,2.7216,1097.9,1309.9210714285714,2290000000.0
0.20782,2.7782,1103.6,1317.77703180212,2287500000.0
0.20942,2.8354,1109.2,1325.6749122807018,2284900000.0
0.21102,2.8931,1114.8,1333.6430555555555,2282400000.0
0.21262,2.9513000000000003,1120.4,1341.560824742268,2279800000.0
0.21421,3.0101,1125.9,1349.4892674616694,2277300000.0
0.2158,3.0695,1131.4,1357.5224662162161,2274800000.0
0.21738,3.1294,1136.9,1365.5234113712374,2272200000.0
0.21896,3.1896,1142.3,1373.5132669983416,2269700000.0
0.22054,3.2506,1147.7,1381.5133004926108,2267200000.0
0.22213,3.3121,1153.1,1389.6057003257329,2264600000.0
0.22372,3.3742,1158.4,1397.725806451613,2262100000.0
0.22531,3.4369,1163.7,1405.83072,2259500000.0
0.22689,3.4998,1169.0,1413.9503961965133,2257000000.0
0.22847,3.5636,1174.2,1422.1078492935635,2254500000.0
0.23005,3.6279000000000003,1179.4,1430.2996884735203,2251900000.0
0.23162,3.6928,1184.6,1438.5179289026275,2249400000.0
0.23319,3.7583,1189.7,1446.7290964777947,2246800000.0
0.23476,3.8243,1194.8,1455.0280728376326,2244300000.0
0.23632,3.8909000000000002,1199.9,1463.3418674698794,2241800000.0
0.23787,3.9581,1205.0,1471.652686567164,2239200000.0
0.23943,4.0258,1210.0,1480.0044378698224,2236700000.0
0.24098,4.0941,1215.0,1488.4088105726873,2234100000.0
0.24253,4.1629000000000005,1219.9,1496.8593886462882,2231600000.0
0.24407,4.2324,1224.9,1505.278034682081,2229100000.0
0.24558,4.3021,1229.8,1513.7012893982808,2226500000.0
0.24712,4.3726,1234.7,1522.2,2224000000.0
0.24866,4.4437,1239.5,1530.7039492242595,2221500000.0
0.25019,4.5154000000000005,1244.3,1539.2629370629372,2218900000.0
0.25172,4.5877,1249.1,1547.8209431345354,2216400000.0
0.25325,4.6606000000000005,1253.9,1556.436914600551,2213800000.0
0.25477,4.7337,1258.7,1565.0054644808743,2211300000.0
0.25629,4.8077000000000005,1263.4,1573.6146341463416,2208800000.0
0.25781,4.8823,1268.1,1582.2698924731183,2206200000.0
0.25933,4.9574,1272.8,1590.9190921228305,2203700000.0
0.26085,5.0331,1277.4,1599.5727152317882,2201100000.0
0.26237,5.109500000000001,1282.0,1608.23679369251,2198600000.0
0.26388,5.1864,1286.7,1616.8886571056062,2196100000.0
0.2654,5.2638,1291.2,1625.5349740932643,2193500000.0
0.26691,5.341600000000001,1295.8,1634.156867779204,2191000000.0
0.26842,5.4203,1300.3,1642.8130102040816,2188500000.0
0.26992,5.4995,1304.8,1651.5208860759494,2185900000.0
0.27143,5.579400000000001,1309.3,1660.2211055276382,2183400000.0
0.27294,5.659800000000001,1313.8,1668.868578553616,2180800000.0
0.27445,5.7408,1318.2,1677.5153465346536,2178300000.0
0.27596,5.8225,1322.7,1686.1719901719903,2175800000.0
0.27746,5.9047,1327.1,1694.8238095238094,2173200000.0
0.27897,5.9875,1331.4,1703.472397094431,2170700000.0
0.28047,6.0709,1335.8,1712.116346153846,2168100000.0
0.28197,6.1546,1340.1,1720.6721624850657,2165600000.0
0.28347,6.2393,1344.5,1729.2921800947868,2163100000.0
0.28497,6.3245000000000005,1348.8,1737.8700000000001,2160500000.0
0.28648,6.4104,1353.0,1746.4210280373832,2158000000.0
0.288,6.4968,1357.3,1754.9614849187935,2155400000.0
0.28953,6.583600000000001,1361.5,1763.4817972350231,2152900000.0
0.29105,6.6713000000000005,1365.7,1772.0245714285716,2150400000.0
0.29257,6.7596,1369.9,1780.5031818181817,2147800000.0
0.29409,6.8486,1374.1,1788.9536640360766,2145300000.0
0.29561,6.9382,1378.3,1797.4003359462486,2142800000.0
0.29713,7.0284,1382.4,1805.8400000000001,2140200000.0
0.29864,7.1192,1386.6,1814.2761589403974,2137700000.0
0.30016,7.2107,1390.7,1822.651754385965,2135100000.0
0.30168,7.3028,1394.8,1830.9955337690633,2132600000.0
0.3032,7.3956,1398.9,1839.3414054054053,2130100000.0
0.30472,7.489,1402.9,1847.613104189044,2127500000.0
0.30623,7.583,1406.9,1855.8546424759872,2125000000.0
0.30775,7.677700000000001,1411.0,1864.098093220339,2122400000.0
0.30927,7.772600000000001,1415.0,1872.232,2119900000.0
0.31078,7.868600000000001,1418.9,1880.446499477534,2117400000.0
0.3123,7.9652,1422.9,1888.540083073728,2114800000.0
0.31381,8.0625,1426.9,1896.653917525773,2112300000.0
0.31532,8.160400000000001,1430.8,1904.7180327868853,2109700000.0
0.31683,8.2586,1434.7,1912.7247202441504,2107200000.0
0.31833,8.3579,1438.6,1920.6950455005058,2104700000.0
0.31984,8.4578,1442.5,1928.6329317269076,2102100000.0
0.32134,8.558300000000001,1446.4,1936.562412761715,2099600000.0
0.32284,8.6595,1450.3,1944.4974231912786,2097100000.0
0.32434,8.7614,1454.1,1952.3633497536946,2094500000.0
0.32584,8.863900000000001,1457.9,1960.192961876833,2092000000.0
0.32734,8.9672,1461.7,1968.0396887159534,2089400000.0
0.32884,9.071,1465.5,1975.7905405405406,2086900000.0
0.33034,9.175600000000001,1469.3,1983.6082533589251,2084400000.0
0.33184,9.280800000000001,1473.1,1991.3631077216396,2081800000.0
0.33335,9.3863,1476.8,1998.9878787878788,2079300000.0
0.33487,9.4929,1480.6,2006.699153339605,2076700000.0
0.33639,9.600200000000001,1484.3,2014.3572497661366,2074200000.0
0.33791,9.7081,1488.0,2021.9828226555246,2071700000.0
0.33942,9.8168,1491.7,2029.6192982456141,2069100000.0
0.34094,9.9261,1495.4,2037.2497247706422,2066600000.0
0.34246,10.036,1499.1,2044.7694822888284,2064000000.0
0.34397,10.146,1502.7,2052.349090909091,2061500000.0
0.34549,10.258000000000001,1506.4,2059.948648648649,2059000000.0
0.34701,10.370000000000001,1510.0,2067.4607142857144,2056400000.0
0.34852,10.483,1513.6,2075.0276785714286,2053900000.0
0.35004,10.596,1517.2,2082.484210526316,2051400000.0
0.35159,10.711,1520.8,2089.9666666666667,2048800000.0
0.35313,10.826,1524.4,2097.515789473684,2046300000.0
0.35468,10.941,1527.9,2104.887931034483,2043700000.0
0.35622,11.057,1531.5,2112.287931034483,2041200000.0
0.35776,11.175,1535.0,2119.7615384615387,2038700000.0
0.35931,11.293000000000001,1538.6,2127.2247863247867,2036100000.0
0.36085,11.411,1542.1,2134.5806722689076,2033600000.0
0.36239,11.531,1545.6,2142.042857142857,2031000000.0
0.36394,11.651,1549.1,2149.505042016807,2028500000.0
0.36548,11.772,1552.5,2156.9214876033056,2026000000.0
0.36703,11.893,1556.0,2164.2347107438013,2023400000.0
0.36857,12.015,1559.5,2171.6295081967214,2020900000.0
0.3701,12.139000000000001,1562.9,2179.009756097561,2018300000.0
0.37164,12.262,1566.3,2186.3451612903227,2015800000.0
0.37318,12.387,1569.8,2193.716935483871,2013300000.0
0.37471,12.512,1573.2,2201.112,2010700000.0
0.37625,12.638,1576.6,2208.4309523809525,2008200000.0
0.37779,12.764000000000001,1580.0,2215.730952380952,2005700000.0
0.37933,12.892000000000001,1583.3,2223.184251968504,2003100000.0
0.38086,13.020000000000001,1586.7,2230.4511627906977,2000600000.0
0.3824,13.15,1590.1,2237.8585937499997,1998000000.0
0.38396,13.280000000000001,1593.4,2245.26,1995500000.0
0.38554,13.41,1596.7,2252.57,1993000000.0
0.38711,13.542,1600.1,2259.8810606060606,1990400000.0
0.38868,13.674000000000001,1603.4,2267.271212121212,1987900000.0
0.39025,13.807,1606.7,2274.636363636364,1985300000.0
0.39182,13.941,1610.0,2281.9462686567163,1982800000.0
0.39339,14.076,1613.3,2289.392537313433,1980300000.0
0.39496,14.211,1616.6,2296.6558823529413,1977700000.0
0.39654,14.348,1619.8,2304.1014705882353,1975200000.0
0.39811,14.485000000000001,1623.1,2311.4632352941176,1972600000.0
0.39968,14.622,1626.3,2318.8101449275364,1970100000.0
0.40126,14.761000000000001,1629.6,2326.263768115942,1967600000.0
0.40283,14.901,1632.8,2333.6,1965000000.0
0.4031,14.924000000000001,1633.3,2334.8347826086956,1964600000.0
0.40336,14.947000000000001,1633.8,2336.0782608695654,1964200000.0
0.40362,14.971,1634.4,2337.3,1963800000.0
0.40388,14.994,1634.9,2338.5,1963300000.0
0.40415,15.017000000000001,1635.5,2339.3500000000004,1962900000.0
0.40441,15.041,1636.0,2339.975,1962500000.0
0.40467,15.065000000000001,1636.5,2340.6,1962100000.0
0.40493,15.088000000000001,1637.1,2341.221739130435,1961700000.0
0.4052,15.112,1637.6,2341.8652173913047,1961200000.0
0.40526,15.117,1637.7,2341.999275362319,1961100000.0
0.40533,15.124,1637.9,2342.1869565217394,1961000000.0
0.40539,15.129000000000001,1638.0,2342.321014492754,1960900000.0
0.4054,15.13,1638.0,2342.3478260869565,1960900000.0
0.40541,15.131,1638.0,2342.3746376811596,1960900000.0
1.1879,15.131,1638.1,2342.3746376811596,1960900000.0
1.1881,15.139000000000001,1638.1,2342.589130434783,1960800000.0
1.1883,15.146,1638.1,2342.776811594203,1960800000.0
1.1885,15.154,1638.1,2342.9913043478264,1960700000.0
1.1887,15.162,1638.1,2343.205797101449,1960700000.0
1.1889,15.169,1638.2,2343.39347826087,1960600000.0
1.1891,15.177000000000001,1638.2,2343.6079710144927,1960600000.0
1.1893,15.185,1638.2,2343.822463768116,1960500000.0
1.1895,15.192,1638.2,2344.010144927536,1960500000.0
1.1897,15.200000000000001,1638.2,2344.2246376811595,1960500000.0
1.1899,15.208,1638.3,2344.439130434783,1960400000.0
1.2008,15.624,1639.5,2355.5263157894738,1957900000.0
1.2116,16.043,1642.8,2366.4311163895486,1955300000.0
1.2223,16.467000000000002,1646.2,2377.1661971830986,1952800000.0
1.2329,16.895,1649.5,2387.851162790698,1950200000.0
1.2434,17.325,1652.7,2398.459584295612,1947700000.0
1.2539,17.761,1656.0,2409.1607305936072,1945200000.0
1.2643,18.201,1659.2,2419.8510204081635,1942600000.0
1.2746,18.645,1662.3,2430.6919101123594,1940100000.0
1.2848,19.093,1665.4,2441.5575555555556,1937600000.0
1.295,19.542,1668.5,2452.483628318584,1935000000.0
1.305,19.998,1671.6,2463.7078774617066,1932500000.0
1.3151,20.457,1674.6,2475.0915401301518,1929900000.0
1.325,20.92,1677.6,2486.684051724138,1927400000.0
1.3349,21.387,1680.6,2498.528205128205,1924900000.0
1.3447,21.858,1683.5,2510.673728813559,1922300000.0
1.3545,22.332,1686.5,2523.0684210526315,1919800000.0
1.3642,22.810000000000002,1689.3,2535.6455114822547,1917200000.0
1.3739,23.292,1692.2,2548.35817805383,1914700000.0
1.3834,23.778000000000002,1695.0,2561.2090534979425,1912200000.0
1.393,24.267,1697.8,2574.013469387755,1909600000.0
1.4024,24.759,1700.6,2586.691093117409,1907100000.0
1.4118,25.256,1703.4,2599.2657947686116,1904500000.0
1.4212,25.754,1706.1,2611.5896000000002,1902000000.0
1.4305,26.257,1708.8,2623.7523809523814,1899500000.0
1.4398,26.764,1711.5,2635.6385826771657,1896900000.0
1.449,27.275000000000002,1714.1,2647.167906066536,1894400000.0
1.4582,27.787000000000003,1716.8,2658.3517509727626,1891900000.0
1.4673,28.305,1719.4,2669.328185328185,1889300000.0
1.4763,28.826,1722.0,2680.043103448276,1886800000.0
1.4854,29.35,1724.6,2690.482666666667,1884200000.0
1.4946,29.878,1727.1,2700.7405303030305,1881700000.0
1.5038,30.41,1729.6,2710.807894736842,1879200000.0
1.5128,30.944000000000003,1732.1,2720.6833644859817,1876600000.0
1.5219,31.483,1734.6,2730.414126394052,1874100000.0
1.5309,32.025,1737.1,2739.9560885608853,1871500000.0
1.5398,32.57,1739.5,2749.3983516483518,1869000000.0
1.5487,33.119,1742.0,2758.6941605839415,1866500000.0
1.5575,33.671,1744.4,2767.8916666666664,1863900000.0
1.5663,34.224000000000004,1746.7,2776.9807553956834,1861400000.0
1.575,34.782000000000004,1749.1,2786.0998207885305,1858900000.0
1.5837,35.344,1751.5,2795.2797153024912,1856300000.0
1.5924,35.910000000000004,1753.8,2804.4815929203537,1853800000.0
1.601,36.478,1756.1,2813.6521126760563,1851200000.0
1.6096,37.050000000000004,1758.4,2822.932167832168,1848700000.0
1.6181,37.623000000000005,1760.7,2832.2706086956523,1846200000.0
1.6266,38.201,1762.9,2841.7854671280274,1843600000.0
1.6351,38.783,1765.2,2851.4740103270224,1841100000.0
1.6435,39.367000000000004,1767.4,2861.2462328767124,1838500000.0
1.6519,39.955,1769.6,2871.1804088586027,1836000000.0
1.6603,40.546,1771.8,2881.2629441624367,1833500000.0
1.6686,41.14,1774.0,2891.444182124789,1830900000.0
1.677,41.738,1776.2,2901.744556113903,1828400000.0
1.6852,42.338,1778.3,2912.1650000000004,1825800000.0
1.6935,42.939,1780.5,2922.7044776119405,1823300000.0
1.7017,43.546,1782.6,2933.3968646864687,1820800000.0
1.7099,44.156,1784.7,2944.189655172414,1818200000.0
1.718,44.769,1786.8,2955.082843137255,1815700000.0
1.7261,45.384,1788.9,2966.058536585366,1813200000.0
1.7342,46.003,1790.9,2977.104207119741,1810600000.0
1.7422,46.625,1793.0,2988.246698872786,1808100000.0
1.7502,47.25,1795.0,2999.5413461538465,1805500000.0
1.7582,47.878,1797.0,3010.8374800637957,1803000000.0
1.7661,48.506,1799.0,3022.0871224165344,1800500000.0
1.774,49.14,1801.0,3033.441074249605,1797900000.0
1.7818,49.777,1803.0,3044.785534591195,1795400000.0
1.7896,50.416000000000004,1805.0,3056.019592476489,1792800000.0
1.7974,51.059000000000005,1806.9,3067.1798751950078,1790300000.0
1.8052,51.701,1808.9,3078.15984496124,1787800000.0
1.8129,52.35,1810.8,3089.0585780525503,1785200000.0
1.8206,53.001000000000005,1812.7,3099.8041602465332,1782700000.0
1.8283,53.655,1814.6,3110.346860643185,1780200000.0
1.8359,54.311,1816.5,3120.6198473282443,1777600000.0
1.8435,54.971000000000004,1818.4,3130.6659574468085,1775100000.0
1.8511,55.633,1820.3,3140.494856278366,1772500000.0
1.8586,56.298,1822.1,3150.014156626506,1770000000.0
1.8661,56.966,1824.0,3159.2462462462463,1767500000.0
1.8735,57.637,1825.8,3168.227503736921,1764900000.0
1.8809,58.31,1827.7,3176.8927083333333,1762400000.0
1.8883,58.986000000000004,1829.5,3185.3179525222554,1759800000.0
1.8956,59.665,1831.3,3193.5958702064895,1757300000.0
1.9029,60.343,1833.1,3201.677172312224,1754800000.0
1.9102,61.027,1834.9,3209.659677419355,1752200000.0
1.9175,61.714000000000006,1836.6,3217.540875912409,1749700000.0
1.9248,62.403000000000006,1838.4,3225.3095930232557,1747100000.0
1.932,63.095,1840.2,3233.0991304347826,1744600000.0
1.9392,63.787,1841.9,3240.8444444444444,1742100000.0
1.9463,64.48400000000001,1843.6,3248.5759712230215,1739500000.0
1.9535,65.184,1845.3,3256.3770444763272,1737000000.0
1.9606,65.886,1847.1,3264.2656205420826,1734500000.0
1.9677,66.59100000000001,1848.8,3272.2567567567567,1731900000.0
1.9747,67.298,1850.5,3280.3485106382977,1729400000.0
1.9818,68.008,1852.1,3288.5454802259887,1726800000.0
1.9888,68.72,1853.8,3296.8991549295774,1724300000.0
1.9957,69.435,1855.5,3305.4662921348317,1721800000.0
2.0026,70.152,1857.1,3314.158519553073,1719200000.0
2.0095,70.87100000000001,1858.8,3323.01129707113,1716700000.0
2.0164,71.59100000000001,1860.4,3331.9875,1714100000.0
2.0233,72.315,1862.1,3341.146814404432,1711600000.0
2.0301,73.042,1863.7,3350.4493793103447,1709100000.0
2.0369,73.771,1865.3,3359.8477303989,1706500000.0
2.0437,74.503,1866.9,3369.4234567901235,1704000000.0
2.0504,75.23700000000001,1868.5,3379.128142076503,1701400000.0
2.0572,75.974,1870.1,3388.941961852861,1698900000.0
2.0639,76.71000000000001,1871.6,3398.8074626865673,1696400000.0
2.0706,77.45100000000001,1873.2,3408.8827913279133,1693800000.0
2.0772,78.194,1874.8,3419.024291497976,1691300000.0
2.0839,78.94,1876.3,3429.297446236559,1688800000.0
2.0905,79.688,1877.9,3439.643624161074,1686200000.0
2.0971,80.438,1879.4,3450.051871657754,1683700000.0
2.1036,81.19,1881.0,3460.6232,1681100000.0
2.11,81.94500000000001,1882.5,3471.274734042553,1678600000.0
2.1165,82.699,1884.0,3481.9515915119364,1676100000.0
2.1229,83.458,1885.5,3492.7616908850723,1673500000.0
2.1293,84.22,1887.0,3503.691952506596,1671000000.0
2.1357,84.983,1888.5,3514.634034165572,1668400000.0
2.1421,85.74900000000001,1890.0,3525.5857142857144,1665900000.0
2.1484,86.516,1891.4,3536.5928104575164,1663400000.0
2.1547,87.286,1892.9,3547.6444589309,1660800000.0
2.161,88.058,1894.4,3558.6958387516256,1658300000.0
2.1673,88.83200000000001,1895.8,3569.736787564767,1655700000.0
2.1736,89.60900000000001,1897.3,3580.7978007761967,1653200000.0
2.1798,90.384,1898.7,3591.805806451613,1650700000.0
2.1861,91.164,1900.2,3602.773778920309,1648100000.0
2.1923,91.947,1901.6,3613.7234615384614,1645600000.0
2.1985,92.73100000000001,1903.0,3624.66914212548,1643100000.0
2.2046,93.518,1904.4,3635.4748724489796,1640500000.0
2.2108,94.303,1905.8,3646.252101910828,1638000000.0
2.2169,95.09400000000001,1907.2,3656.955837563452,1635400000.0
2.223,95.88600000000001,1908.6,3667.5250950570344,1632900000.0
2.2291,96.681,1910.0,3678.075,1630400000.0
2.2351,97.477,1911.4,3688.467213114754,1627800000.0
2.2412,98.27600000000001,1912.8,3698.8254088050317,1625300000.0
2.2472,99.07600000000001,1914.1,3709.0078947368424,1622700000.0
2.2532,99.878,1915.5,3719.1106918238993,1620200000.0
2.2592,100.68,1916.8,3728.995,1617700000.0
2.2652,101.49000000000001,1918.2,3738.7444444444445,1615100000.0
2.2712,102.3,1919.5,3748.46,1612600000.0
2.2771,103.11,1920.9,3757.927160493827,1610000000.0
2.283,103.92,1922.2,3767.3271604938273,1607500000.0
2.2889,104.73,1923.5,3776.49012345679,1605000000.0
2.2948,105.54,1924.8,3785.5901234567905,1602400000.0
2.3006,106.36,1926.1,3794.641975308642,1599900000.0
2.3065,107.18,1927.4,3803.5634146341467,1597400000.0
2.3123,108.0,1928.7,3812.3024390243904,1594800000.0
2.3181,108.82000000000001,1930.0,3820.8414634146343,1592300000.0
2.3238,109.65,1931.3,3829.44512195122,1589700000.0
2.3297,110.47,1932.6,3837.781707317073,1587200000.0
2.3356,111.3,1933.9,3846.0180722891564,1584700000.0
2.3415,112.13000000000001,1935.2,3854.217073170732,1582100000.0
2.3473,112.96000000000001,1936.4,3862.2506024096388,1579600000.0
2.3532,113.8,1937.7,3870.2626506024094,1577000000.0
2.359,114.63000000000001,1938.9,3878.0783132530123,1574500000.0
2.3648,115.47,1940.2,3885.7238095238095,1572000000.0
2.3706,116.31,1941.4,3893.401204819277,1569400000.0
2.3764,117.14,1942.7,3900.754761904762,1566900000.0
2.3821,117.99000000000001,1943.9,3908.157142857143,1564400000.0
2.3879,118.83,1945.1,3915.4571428571426,1561800000.0
2.3936,119.68,1946.3,3922.670238095238,1559300000.0
2.3993,120.52000000000001,1947.6,3929.6117647058823,1556700000.0
2.4051,121.37,1948.8,3936.6833333333334,1554200000.0
2.4107,122.22,1950.0,3943.52,1551700000.0
2.4164,123.07000000000001,1951.2,3950.2329411764704,1549100000.0
2.4221,123.93,1952.4,3957.0117647058823,1546600000.0
2.4277,124.78,1953.5,3963.5352941176475,1544000000.0
2.4333,125.64,1954.7,3970.1117647058827,1541500000.0
2.4389,126.5,1955.9,3976.6197674418604,1539000000.0
2.4445,127.36,1957.1,3982.9406976744185,1536400000.0
2.45,128.22,1958.3,3989.3070588235296,1533900000.0
2.4556,129.09,1959.4,3995.5953488372093,1531300000.0
2.4611,129.95000000000002,1960.6,4001.7298850574716,1528800000.0
2.4666,130.81,1961.7,4007.832558139535,1526300000.0
2.4721,131.68,1962.9,4014.003488372093,1523700000.0
2.4776,132.55,1964.0,4020.1091954022986,1521200000.0
2.4831,133.42000000000002,1965.2,4026.11724137931,1518700000.0
2.4886,134.3,1966.3,4032.093103448276,1516100000.0
2.494,135.17000000000002,1967.4,4038.086206896552,1513600000.0
2.4994,136.05,1968.5,4044.06091954023,1511000000.0
2.5049,136.93,1969.7,4050.028735632184,1508500000.0
2.5103,137.8,1970.8,4055.7704545454544,1506000000.0
2.5157,138.68,1971.9,4061.728735632184,1503400000.0
2.521,139.56,1973.0,4067.6318181818183,1500900000.0
2.5264,140.45000000000002,1974.1,4073.5022727272726,1498300000.0
2.5318,141.33,1975.2,4079.302272727273,1495800000.0
2.5371,142.22,1976.3,4085.265909090909,1493300000.0
2.5424,143.1,1977.4,4091.004494382022,1490700000.0
2.5477,143.99,1978.5,4096.868181818182,1488200000.0
2.553,144.88,1979.5,4102.767415730336,1485700000.0
2.5583,145.77,1980.6,4108.569662921348,1483100000.0
2.5636,146.67000000000002,1981.7,4114.533707865169,1480600000.0
2.5688,147.56,1982.7,4120.433707865169,1478000000.0
2.5741,148.46,1983.8,4126.4,1475500000.0
2.5793,149.35,1984.9,4132.3,1473000000.0
2.5845,150.25,1985.9,4138.3,1470400000.0
2.5897,151.15,1987.0,4144.366666666667,1467900000.0
2.5948,152.05,1988.0,4150.366666666667,1465300000.0
2.6,152.95000000000002,1989.0,4156.367777777778,1462800000.0
2.6051,153.86,1990.1,4162.535555555555,1460300000.0
2.6102,154.76000000000002,1991.1,4168.635555555556,1457700000.0
2.6153,155.67000000000002,1992.1,4174.806666666667,1455200000.0
2.6204,156.57,1993.2,4181.0043956043955,1452600000.0
2.6254,157.48000000000002,1994.2,4187.206666666667,1450100000.0
2.6305,158.39000000000001,1995.2,4193.476923076923,1447600000.0
2.6355,159.3,1996.2,4199.776923076924,1445000000.0
2.6406,160.21,1997.2,4206.081318681319,1442500000.0
2.6456,161.12,1998.2,4212.4857142857145,1440000000.0
2.6506,162.04,1999.2,4219.0516483516485,1437400000.0
2.6556,162.95000000000002,2000.2,4225.462637362638,1434900000.0
2.6606,163.87,2001.2,4232.135164835165,1432300000.0
2.6655,164.79,2002.2,4238.802173913044,1429800000.0
2.6705,165.71,2003.2,4245.415384615384,1427300000.0
2.6754,166.63,2004.1,4252.182608695653,1424700000.0
2.6804,167.55,2005.1,4258.891304347826,1422200000.0
2.6853,168.47,2006.1,4265.700000000001,1419600000.0
2.6902,169.39000000000001,2007.1,4272.608695652174,1417100000.0
2.6951,170.32,2008.0,4279.675,1414600000.0
2.7,171.24,2009.0,4286.594565217391,1412000000.0
2.7048,172.17000000000002,2009.9,4293.763440860215,1409500000.0
2.7097,173.1,2010.9,4300.882608695652,1406900000.0
2.7145,174.03,2011.8,4308.163440860215,1404400000.0
2.7194,174.96,2012.8,4315.472826086957,1401900000.0
2.7242,175.88,2013.7,4322.775268817204,1399300000.0
2.729,176.82,2014.7,4330.267741935484,1396800000.0
2.7338,177.75,2015.6,4337.767741935484,1394300000.0
2.7386,178.68,2016.5,4345.2806451612905,1391700000.0
2.7434,179.62,2017.5,4352.9763440860215,1389200000.0
2.7482,180.56,2018.4,4360.7591397849465,1386600000.0
2.753,181.49,2019.3,4368.446808510638,1384100000.0
2.7578,182.43,2020.2,4376.174193548387,1381600000.0
2.7625,183.37,2021.1,4384.044680851064,1379000000.0
2.7673,184.31,2022.0,4391.858064516129,1376500000.0
2.772,185.25,2022.9,4399.727659574468,1373900000.0
2.7767,186.19,2023.8,4407.544680851063,1371400000.0
2.7814,187.13,2024.7,4415.427659574469,1368900000.0
2.7861,188.08,2025.6,4423.3287234042555,1366300000.0
2.7908,189.02,2026.5,4431.210638297873,1363800000.0
2.7955,189.97,2027.4,4439.093617021277,1361200000.0
2.8001,190.91,2028.3,4446.877894736842,1358700000.0
2.8048,191.86,2029.2,4454.693617021277,1356200000.0
2.8094,192.8,2030.1,4462.493617021277,1353600000.0
2.8141,193.75,2030.9,4470.34,1351100000.0
2.8187,194.70000000000002,2031.8,4478.056382978723,1348600000.0
2.8233,195.65,2032.7,4485.8,1346000000.0
2.8279,196.61,2033.5,4493.4800000000005,1343500000.0
2.8325,197.55,2034.4,4500.97894736842,1340900000.0
2.8371,198.51000000000002,2035.3,4508.557894736842,1338400000.0
2.8416,199.46,2036.1,4516.035789473684,1335900000.0
2.8462,200.42000000000002,2037.0,4523.513684210527,1333300000.0
2.8507,201.37,2037.8,4530.867368421053,1330800000.0
2.8553,202.33,2038.7,4538.143157894737,1328200000.0
2.8598,203.29000000000002,2039.5,4545.400000000001,1325700000.0
2.8643,204.24,2040.3,4552.494736842105,1323200000.0
2.8687,205.20000000000002,2041.2,4559.525000000001,1320600000.0
2.8732,206.16,2042.0,4566.443157894737,1318100000.0
2.8776,207.12,2042.8,4573.344791666667,1315500000.0
2.882,208.08,2043.7,4580.063157894737,1313000000.0
2.8864,209.05,2044.5,4586.828125,1310500000.0
2.8908,210.0,2045.3,4593.233333333334,1307900000.0
2.8952,210.97,2046.1,4599.7,1305400000.0
2.8996,211.93,2047.0,4606.04375,1302900000.0
2.904,212.9,2047.8,4612.279166666667,1300300000.0
2.9083,213.86,2048.6,4618.320833333333,1297800000.0
2.9127,214.82000000000002,2049.4,4624.220833333334,1295200000.0
2.9171,215.79000000000002,2050.2,4630.121875,1292700000.0
2.9216,216.76000000000002,2051.0,4635.831958762887,1290200000.0
2.9261,217.72,2051.8,4641.361458333333,1287600000.0
2.9306,218.69,2052.6,4646.901030927835,1285100000.0
2.9351,219.66,2053.4,4652.35625,1282500000.0
2.9395,220.63,2054.1,4657.661855670103,1280000000.0
2.944,221.6,2054.9,4662.846875,1277500000.0
2.9484,222.57000000000002,2055.7,4667.982474226804,1274900000.0
2.9529,223.54000000000002,2056.5,4673.049484536083,1272400000.0
2.9573,224.51000000000002,2057.3,4678.016494845361,1269900000.0
2.9617,225.49,2058.0,4682.950000000001,1267300000.0
2.9661,226.46,2058.8,4687.782474226804,1264800000.0
2.9705,227.43,2059.6,4692.547422680413,1262200000.0
2.9749,228.41,2060.3,4697.259793814434,1259700000.0
2.9793,229.38,2061.1,4701.842857142857,1257200000.0
2.9836,230.36,2061.9,4706.423711340207,1254600000.0
2.988,231.33,2062.6,4710.923711340207,1252100000.0
2.9923,232.31,2063.4,4715.470103092784,1249500000.0
2.9967,233.29000000000002,2064.1,4719.961224489796,1247000000.0
3.001,234.27,2064.9,4724.378350515464,1244500000.0
3.0053,235.25,2065.6,4728.784536082474,1241900000.0
3.0096,236.22,2066.4,4733.067346938775,1239400000.0
3.0139,237.20000000000002,2067.1,4737.384536082474,1236800000.0
3.0182,238.18,2067.8,4741.671428571429,1234300000.0
3.0225,239.16,2068.6,4745.911224489796,1231800000.0
3.0268,240.14000000000001,2069.3,4750.188659793815,1229200000.0
3.031,241.13,2070.0,4754.457142857143,1226700000.0
3.0353,242.11,2070.8,4758.657142857143,1224200000.0
3.0395,243.09,2071.5,4762.857142857143,1221600000.0
3.0438,244.07000000000002,2072.2,4767.057142857143,1219100000.0
3.048,245.06,2072.9,4771.3,1216500000.0
3.0522,246.04000000000002,2073.6,4775.5,1214000000.0
3.0564,247.03,2074.3,4779.742857142857,1211500000.0
3.0606,248.01000000000002,2075.1,4783.942857142857,1208900000.0
3.0648,248.99,2075.8,4788.142857142857,1206400000.0
3.0689,249.98000000000002,2076.5,4792.385714285714,1203800000.0
3.0731,250.97,2077.2,4796.674489795918,1201300000.0
3.0773,251.95000000000002,2077.9,4800.928571428572,1198800000.0
3.0814,252.94,2078.6,4805.197979797979,1196200000.0
3.0856,253.92000000000002,2079.3,4809.474489795919,1193700000.0
3.0897,254.91,2079.9,4813.818367346939,1191200000.0
3.0938,255.9,2080.6,4818.188888888889,1188600000.0
3.0979,256.89,2081.3,4822.610204081632,1186100000.0
3.102,257.88,2082.0,4827.033333333333,1183500000.0
3.1061,258.87,2082.7,4831.455102040816,1181000000.0
3.1102,259.86,2083.4,4835.927272727273,1178500000.0
3.1143,260.85,2084.0,4840.5,1175900000.0
3.1184,261.84000000000003,2084.7,4845.072727272728,1173400000.0
3.1224,262.83,2085.4,4849.64693877551,1170800000.0
3.1265,263.82,2086.1,4854.269696969697,1168300000.0
3.1305,264.81,2086.7,4858.921212121212,1165800000.0
3.1346,265.8,2087.4,4863.645918367347,1163200000.0
3.1386,266.79,2088.0,4868.368686868687,1160700000.0
3.1426,267.78000000000003,2088.7,4873.121212121212,1158100000.0
3.1466,268.78000000000003,2089.4,4877.969696969697,1155600000.0
3.1506,269.77,2090.0,4882.7959183673465,1153100000.0
3.1546,270.76,2090.7,4887.618181818182,1150500000.0
3.1586,271.75,2091.3,4892.472727272728,1148000000.0
3.1626,272.75,2092.0,4897.477777777777,1145500000.0
3.1665,273.74,2092.6,4902.422222222222,1142900000.0
3.1705,274.73,2093.3,4907.377777777778,1140400000.0
3.1744,275.73,2093.9,4912.428282828283,1137800000.0
3.1784,276.72,2094.5,4917.484848484849,1135300000.0
3.1823,277.72,2095.2,4922.636363636364,1132800000.0
3.1862,278.71000000000004,2095.8,4927.736363636363,1130200000.0
3.1902,279.71000000000004,2096.4,4932.887878787878,1127700000.0
3.1941,280.7,2097.1,4938.046464646464,1125100000.0
3.198,281.7,2097.7,4943.298989898989,1122600000.0
3.2019,282.69,2098.3,4948.5585858585855,1120100000.0
3.2057,283.69,2098.9,4953.82,1117500000.0
3.2096,284.68,2099.5,4959.0585858585855,1115000000.0
3.2135,285.68,2100.2,4964.472727272728,1112400000.0
3.2173,286.68,2100.8,4969.8656565656565,1109900000.0
3.2212,287.68,2101.4,4975.281818181818,1107400000.0
3.225,288.67,2102.0,4980.71,1104800000.0
3.2289,289.67,2102.6,4986.181818181818,1102300000.0
3.2327,290.66,2103.2,4991.644444444444,1099800000.0
3.2365,291.66,2103.8,4997.2,1097200000.0
3.2403,292.66,2104.4,5002.784000000001,1094700000.0
3.2441,293.66,2105.0,5008.355555555556,1092100000.0
3.2479,294.65000000000003,2105.6,5013.920202020202,1089600000.0
3.2517,295.65000000000003,2106.2,5019.6050000000005,1087100000.0
3.2555,296.65000000000003,2106.8,5025.276767676768,1084500000.0
3.2592,297.64,2107.4,5030.942424242424,1082000000.0
3.263,298.64,2108.0,5036.662,1079400000.0
3.2667,299.64,2108.6,5042.466666666666,1076900000.0
3.2705,300.64,2109.1,5048.325252525252,1074400000.0
3.2742,301.64,2109.7,5054.144,1071800000.0
3.2779,302.64,2110.3,5059.983838383839,1069300000.0
3.2817,303.64,2110.9,5065.842424242424,1066700000.0
3.2854,304.64,2111.5,5071.7300000000005,1064200000.0
3.2891,305.63,2112.0,5077.681818181818,1061700000.0
3.2928,306.63,2112.6,5083.63,1059100000.0
3.2965,307.63,2113.2,5089.642424242424,1056600000.0
3.3002,308.63,2113.7,5095.70303030303,1054100000.0
3.3038,309.63,2114.3,5101.719999999999,1051500000.0
3.3075,310.63,2114.9,5107.763636363636,1049000000.0
3.3112,311.63,2115.4,5113.853,1046400000.0
3.3148,312.62,2116.0,5119.936363636364,1043900000.0
3.3185,313.62,2116.5,5126.053,1041400000.0
3.3221,314.62,2117.1,5132.271717171717,1038800000.0
3.3257,315.62,2117.6,5138.488,1036300000.0
3.3293,316.62,2118.2,5144.734343434344,1033700000.0
3.333,317.62,2118.7,5150.996969696969,1031200000.0
3.3366,318.62,2119.3,5157.2119999999995,1028700000.0
3.3402,319.62,2119.8,5163.536363636364,1026100000.0
3.3438,320.62,2120.4,5169.851,1023600000.0
3.3473,321.62,2120.9,5176.200000000001,1021000000.0
3.3509,322.61,2121.5,5182.451,1018500000.0
3.3545,323.61,2122.0,5188.8,1016000000.0
3.3581,324.61,2122.5,5195.1140000000005,1013400000.0
3.3616,325.61,2123.1,5201.463636363636,1010900000.0
3.3652,326.61,2123.6,5207.9070707070705,1008400000.0
3.3687,327.61,2124.1,5214.24,1005800000.0
3.3723,328.61,2124.6,5220.671717171717,1003300000.0
3.3758,329.61,2125.2,5227.084,1000700000.0
3.3793,330.6,2125.7,5233.390909090909,998200000.0
3.3829,331.6,2126.2,5239.784,995660000.0
3.3864,332.6,2126.7,5246.236363636363,993120000.0
3.3899,333.6,2127.2,5252.618181818182,990580000.0
3.3934,334.6,2127.7,5259.012000000001,988040000.0
3.3969,335.6,2128.3,5265.465656565657,985500000.0
3.4004,336.6,2128.8,5271.792,982960000.0
3.4039,337.59000000000003,2129.3,5278.165656565657,980420000.0
3.4074,338.59000000000003,2129.8,5284.630303030303,977890000.0
3.4109,339.59000000000003,2130.3,5290.955,975350000.0
3.4143,340.59000000000003,2130.8,5297.309090909091,972810000.0
3.4178,341.59000000000003,2131.3,5303.704000000001,970270000.0
3.4213,342.58,2131.8,5310.00909090909,967730000.0
3.4247,343.58000000000004,2132.3,5316.372727272727,965190000.0
3.4281,344.58000000000004,2132.8,5322.6810000000005,962650000.0
3.4316,345.58000000000004,2133.3,5329.0363636363645,960110000.0
3.435,346.58000000000004,2133.8,5335.400000000001,957570000.0
3.4384,347.57,2134.3,5341.5560000000005,955040000.0
3.4418,348.57,2134.7,5347.900000000001,952500000.0
3.4453,349.57,2135.2,5354.173737373738,949960000.0
3.4487,350.57,2135.7,5360.38,947420000.0
3.4521,351.57,2136.2,5366.636363636363,944880000.0
3.4554,352.56,2136.7,5372.836363636364,942340000.0
3.4588,353.56,2137.1,5379.042,939810000.0
3.4622,354.56,2137.6,5385.207070707071,937270000.0
3.4656,355.55,2138.1,5391.307070707071,934730000.0
3.4689,356.55,2138.6,5397.468686868687,932190000.0
3.4723,357.55,2139.0,5403.573,929650000.0
3.4756,358.54,2139.5,5409.575757575758,927110000.0
3.479,359.54,2140.0,5415.730303030304,924570000.0
3.4823,360.54,2140.4,5421.70202020202,922030000.0
3.4856,361.53000000000003,2140.9,5427.64,919490000.0
3.489,362.53000000000003,2141.4,5433.69696969697,916950000.0
3.4923,363.53000000000003,2141.8,5439.661616161616,914410000.0
3.4956,364.52000000000004,2142.3,5445.561616161616,911870000.0
3.4989,365.52000000000004,2142.7,5451.424242424243,909340000.0
3.5022,366.52000000000004,2143.2,5457.3808080808085,906800000.0
3.5055,367.51,2143.6,5463.0289999999995,904260000.0
3.5088,368.5,2144.1,5468.824242424243,901720000.0
3.5121,369.5,2144.6,5474.682828282828,899180000.0
3.5154,370.5,2145.0,5480.442424242425,896650000.0
3.5187,371.49,2145.4,5486.0434343434345,894110000.0
3.522,372.49,2145.9,5491.8,891570000.0
3.5253,373.48,2146.3,5497.4,889030000.0
3.5286,374.48,2146.8,5502.9565656565655,886490000.0
3.5318,375.47,2147.2,5508.554,883950000.0
3.5351,376.47,2147.6,5513.955555555555,881410000.0
3.5383,377.46000000000004,2148.1,5519.454545454545,878870000.0
3.5416,378.46000000000004,2148.5,5524.909090909091,876330000.0
3.5448,379.45,2148.9,5530.30707070707,873790000.0
3.5481,380.45,2149.4,5535.660606060606,871250000.0
3.5513,381.44,2149.8,5540.960606060607,868710000.0
3.5545,382.43,2150.2,5546.257575757576,866180000.0
3.5577,383.43,2150.7,5551.510101010102,863640000.0
3.561,384.42,2151.1,5556.710101010101,861100000.0
3.5642,385.42,2151.5,5561.957575757576,858560000.0
3.5674,386.41,2151.9,5567.057575757576,856020000.0
3.5706,387.41,2152.3,5572.20909090909,853490000.0
3.5738,388.40000000000003,2152.8,5577.303030303031,850950000.0
3.577,389.39,2153.2,5582.30303030303,848410000.0
3.5801,390.39,2153.6,5587.3464646464645,845870000.0
3.5833,391.38,2154.0,5592.246464646464,843330000.0
3.5865,392.38,2154.4,5597.19595959596,840790000.0
3.5897,393.37,2154.8,5602.087878787878,838250000.0
3.5928,394.36,2155.2,5606.887878787879,835710000.0
3.596,395.36,2155.6,5611.736363636364,833170000.0
3.5991,396.35,2156.0,5616.527272727273,830640000.0
3.6023,397.34000000000003,2156.4,5621.236363636364,828100000.0
3.6054,398.34000000000003,2156.8,5626.069387755102,825560000.0
3.6085,399.33000000000004,2157.2,5630.722222222222,823020000.0
3.6117,400.32,2157.6,5635.411111111111,820480000.0
3.6148,401.32,2158.0,5640.045454545455,817940000.0
3.6179,402.31,2158.4,5644.557575757576,815400000.0
3.621,403.3,2158.8,5649.145454545455,812860000.0
3.6241,404.3,2159.2,5653.690909090909,810320000.0
3.6272,405.29,2159.6,5658.177777777778,807790000.0
3.6303,406.28000000000003,2160.0,5662.577777777778,805250000.0
3.6334,407.28000000000003,2160.4,5667.022222222222,802710000.0
3.6366,408.27000000000004,2160.7,5671.422222222222,800170000.0
3.6397,409.26,2161.1,5675.80808080808,797630000.0
3.6428,410.26,2161.5,5680.151515151515,795090000.0
3.6459,411.25,2161.9,5684.436363636364,792560000.0
3.649,412.24,2162.3,5688.651515151515,790020000.0
3.6521,413.24,2162.6,5692.978787878788,787480000.0
3.6554,414.23,2163.0,5697.162626262627,784940000.0
3.6586,415.22,2163.4,5701.2787878787885,782400000.0
3.6618,416.22,2163.8,5705.50404040404,779860000.0
3.665,417.21000000000004,2164.1,5709.586868686868,777320000.0
3.6683,418.2,2164.5,5713.6040404040405,774780000.0
3.6715,419.2,2164.9,5717.727272727273,772240000.0
3.6747,420.19,2165.2,5721.727272727273,769700000.0
3.6779,421.19,2165.6,5725.767676767677,767160000.0
3.6811,422.18,2165.9,5729.748484848485,764620000.0
3.6843,423.18,2166.3,5733.687878787879,762090000.0
3.6875,424.17,2166.7,5737.58,759550000.0
3.6907,425.16,2167.0,5741.429292929292,757010000.0
3.6938,426.16,2167.4,5745.287878787879,754470000.0
3.697,427.15000000000003,2167.7,5749.167676767676,751930000.0
3.7002,428.15000000000003,2168.1,5752.977,749400000.0
3.7034,429.15000000000003,2168.4,5756.70606060606,746860000.0
3.7065,430.14000000000004,2168.8,5760.484848484848,744320000.0
3.7097,431.14000000000004,2169.1,5764.222222222222,741780000.0
3.7129,432.14000000000004,2169.5,5767.928,739240000.0
3.716,433.13,2169.8,5771.522222222222,736700000.0
3.7192,434.13,2170.2,5775.228,734160000.0
3.7223,435.13,2170.5,5778.836363636364,731620000.0
3.7255,436.12,2170.8,5782.405000000001,729080000.0
3.7286,437.12,2171.2,5785.936363636364,726540000.0
3.7317,438.12,2171.5,5789.54,724000000.0
3.7349,439.12,2171.9,5793.024242424242,721460000.0
3.738,440.12,2172.2,5796.475,718930000.0
3.7411,441.12,2172.5,5799.950000000001,716390000.0
3.7443,442.11,2172.9,5803.324242424243,713850000.0
3.7474,443.11,2173.2,5806.75,711310000.0
3.7505,444.12,2173.5,5810.184,708770000.0
3.7536,445.12,2173.8,5813.558,706230000.0
3.7567,446.12,2174.2,5816.858,703700000.0
3.7598,447.12,2174.5,5820.158,701160000.0
3.7629,448.12,2174.8,5823.4580000000005,698620000.0
3.7661,449.12,2175.1,5826.732,696080000.0
3.7692,450.13,2175.4,5829.964,693540000.0
3.7722,451.13,2175.8,5833.164,691000000.0
3.7753,452.14000000000004,2176.1,5836.396,688460000.0
3.7784,453.14000000000004,2176.4,5839.559405940594,685920000.0
3.7815,454.14000000000004,2176.7,5842.637,683390000.0
3.7846,455.15000000000003,2177.0,5845.768,680850000.0
3.7877,456.16,2177.3,5848.890099009901,678310000.0
3.7908,457.16,2177.6,5851.9400000000005,675770000.0
3.7939,458.17,2177.9,5854.990099009901,673230000.0
3.7969,459.18,2178.3,5858.061386138614,670690000.0
3.8,460.19,2178.6,5861.07,668150000.0
3.8031,461.2,2178.9,5864.061386138614,665610000.0
3.8062,462.21000000000004,2179.2,5866.991089108911,663070000.0
3.8092,463.22,2179.5,5869.961386138614,660530000.0
3.8123,464.23,2179.8,5872.861386138614,658000000.0
3.8154,465.24,2180.1,5875.752941176471,655460000.0
3.8184,466.26,2180.4,5878.661386138614,652920000.0
3.8215,467.27000000000004,2180.6,5881.531683168317,650380000.0
3.8245,468.29,2180.9,5884.38137254902,647840000.0
3.8276,469.3,2181.2,5887.2316831683165,645310000.0
3.8307,470.32,2181.5,5890.050980392157,642770000.0
3.8337,471.34000000000003,2181.8,5892.850980392157,640230000.0
3.8368,472.36,2182.1,5895.6287128712875,637690000.0
3.8398,473.38,2182.4,5898.378431372549,635150000.0
3.8429,474.40000000000003,2182.7,5901.138834951456,632610000.0
3.8459,475.42,2183.0,5903.850980392157,630070000.0
3.849,476.44,2183.2,5906.620588235294,627530000.0
3.852,477.47,2183.5,5909.34705882353,624990000.0
3.8551,478.49,2183.8,5912.007766990291,622450000.0
3.8581,479.52000000000004,2184.1,5914.638834951456,619910000.0
3.8612,480.55,2184.3,5917.34705882353,617380000.0
3.8642,481.58000000000004,2184.6,5920.033009708738,614840000.0
3.8673,482.61,2184.9,5922.656730769231,612300000.0
3.8703,483.64000000000004,2185.2,5925.307766990291,609760000.0
3.8734,484.67,2185.4,5927.907766990292,607220000.0
3.8764,485.70000000000005,2185.7,5930.5,604680000.0
3.8795,486.74,2186.0,5933.107766990292,602140000.0
3.8825,487.78000000000003,2186.2,5935.724999999999,599600000.0
3.8856,488.82,2186.5,5938.325,597070000.0
3.8886,489.86,2186.8,5940.89326923077,594530000.0
3.8917,490.90000000000003,2187.0,5943.425,591990000.0
3.8947,491.94,2187.3,5945.9857142857145,589450000.0
3.8978,492.98,2187.6,5948.492380952381,586910000.0
3.9008,494.03000000000003,2187.8,5951.069230769231,584370000.0
3.9039,495.08000000000004,2188.1,5953.585714285715,581830000.0
3.9069,496.13,2188.3,5956.109433962264,579290000.0
3.91,497.18,2188.6,5958.661904761904,576760000.0
3.913,498.23,2188.8,5961.154716981132,574220000.0
3.9161,499.29,2189.1,5963.654716981132,571680000.0
3.9191,500.35,2189.3,5966.154716981132,569140000.0
3.9222,501.41,2189.6,5968.654716981132,566600000.0
3.9253,502.47,2189.8,5971.154716981132,564060000.0
3.9283,503.53000000000003,2190.1,5973.647663551402,561520000.0
3.9314,504.6,2190.3,5976.147663551402,558980000.0
3.9344,505.67,2190.6,5978.617757009346,556440000.0
3.9374,506.74,2190.8,5981.047663551402,553910000.0
3.9405,507.81,2191.0,5983.540740740741,551370000.0
3.9435,508.88,2191.3,5986.017592592592,548830000.0
3.9466,509.96000000000004,2191.5,5988.517592592593,546290000.0
3.9496,511.04,2191.8,5990.988888888889,543750000.0
3.9527,512.12,2192.0,5993.411009174311,541210000.0
3.9557,513.21,2192.2,5995.911009174312,538670000.0
3.9588,514.29,2192.5,5998.388073394495,536130000.0
3.9618,515.38,2192.7,6000.881818181818,533590000.0
3.9649,516.48,2192.9,6003.388073394495,531060000.0
3.968,517.57,2193.2,6005.854545454546,528520000.0
3.971,518.6700000000001,2193.4,6008.275675675676,525980000.0
3.9741,519.77,2193.6,6010.753153153153,523440000.0
3.9772,520.88,2193.8,6013.253153153153,520900000.0
3.9803,521.98,2194.1,6015.730630630631,518360000.0
3.9834,523.1,2194.3,6018.247321428572,515820000.0
3.9865,524.21,2194.5,6020.725,513280000.0
3.9896,525.33,2194.7,6023.225,510750000.0
3.9927,526.45,2194.9,6025.744247787611,508210000.0
3.9958,527.57,2195.2,6028.297345132743,505670000.0
3.9989,528.7,2195.4,6030.792105263158,503130000.0
4.002,529.83,2195.6,6033.292982456141,500590000.0
4.0051,530.97,2195.8,6035.870175438597,498050000.0
4.0083,532.11,2196.0,6038.387826086957,495510000.0
4.0114,533.25,2196.2,6040.94347826087,492970000.0
4.0145,534.4,2196.4,6043.460344827586,490440000.0
4.0177,535.5500000000001,2196.6,6046.037931034483,487900000.0
4.0209,536.71,2196.9,6048.637931034483,485360000.0
4.024,537.87,2197.1,6051.233333333334,482820000.0
4.0272,539.03,2197.3,6053.806779661017,480280000.0
4.0304,540.2,2197.5,6056.403389830508,477740000.0
4.0336,541.37,2197.7,6059.062711864407,475200000.0
4.0368,542.5500000000001,2197.9,6061.676470588235,472660000.0
4.04,543.73,2198.1,6064.353781512605,470120000.0
4.0432,544.9200000000001,2198.3,6067.05,467590000.0
4.0464,546.11,2198.5,6069.723966942149,465050000.0
4.0497,547.3100000000001,2198.7,6072.401652892562,462510000.0
4.0529,548.52,2198.9,6075.098360655737,459970000.0
4.0562,549.73,2199.0,6077.790163934426,457430000.0
4.0594,550.94,2199.2,6080.52,454890000.0
4.0627,552.16,2199.4,6083.299999999999,452350000.0
4.066,553.39,2199.6,6083.6,449810000.0
4.0666,553.59,2199.7,6083.6,449390000.0
4.0671,553.8000000000001,2199.7,6083.6,448970000.0
4.0677,554.0,2199.7,6083.6,448550000.0
4.0682,554.21,2199.7,6083.6,448120000.0
4.0688,554.41,2199.8,6083.6,447700000.0
4.0693,554.62,2199.8,6083.6,447280000.0
4.0699,554.82,2199.8,6083.6,446850000.0
4.07,554.88,2199.8,6083.6,446750000.0
9.079,554.94,2199.9,6083.6,446620000.0
9.079,554.94,2199.9,6083.6,446620000.0
9.0791,554.95,2199.9,6083.6,446610000.0
9.0791,554.96,2199.9,6083.6,446600000.0
9.0792,554.96,2199.9,6083.6,446600000.0
9.0792,554.97,2199.9,6083.6,446590000.0
9.0792,554.98,2199.9,6083.6,446590000.0
9.0793,554.98,2199.9,6083.6,446580000.0
9.0793,554.99,2199.9,6083.6,446570000.0
9.0793,555.0,2199.9,6083.6,446570000.0
9.0794,555.0,2199.9,6083.6,446560000.0
9.0794,555.01,2199.9,6083.6,446560000.0
9.0794,555.02,2199.9,6083.6,446550000.0
9.0795,555.02,2199.9,6083.6,446540000.0
9.0795,555.03,2199.9,6083.6,446540000.0
9.0795,555.04,2199.9,6083.6,446530000.0
9.0796,555.04,2199.9,6083.6,446520000.0
9.0796,555.0500000000001,2199.9,6083.6,446520000.0
9.0796,555.0600000000001,2199.9,6083.6,446510000.0
9.0797,555.0600000000001,2199.9,6083.6,446510000.0
9.0797,555.07,2199.9,6083.6,446500000.0
9.0797,555.08,2199.9,6083.6,446490000.0
9.0798,555.08,2199.9,6083.6,446490000.0
9.0798,555.09,2199.9,6083.6,446480000.0
9.0799,555.1,2199.9,6083.6,446470000.0
9.0799,555.1,2199.9,6083.6,446470000.0
9.0799,555.11,2199.9,6083.6,446460000.0
9.08,555.12,2199.9,6083.6,446460000.0
9.08,555.12,2199.9,6083.6,446450000.0
9.08,555.13,2199.9,6083.6,446440000.0
9.0801,555.14,2199.9,6083.6,446440000.0
9.0804,555.2,2199.9,6083.6,446380000.0
9.0808,555.27,2199.9,6083.6,446310000.0
9.0811,555.34,2199.9,6083.6,446250000.0
9.0815,555.4,2199.9,6083.6,446190000.0
9.0818,555.47,2199.9,6083.6,446130000.0
9.0822,555.54,2199.9,6083.6,446070000.0
9.0825,555.6,2199.9,6083.6,446010000.0
9.0829,555.6700000000001,2199.9,6083.6,445940000.0
9.0832,555.74,2199.9,6083.6,445880000.0
9.0836,555.8000000000001,2199.9,6083.6,445820000.0
9.0839,555.87,2199.9,6083.6,445760000.0
9.0843,555.94,2199.9,6083.6,445700000.0
9.0846,556.0,2199.9,6083.6,445640000.0
9.0849,556.07,2199.9,6083.6,445580000.0
9.0853,556.14,2199.9,6083.6,445510000.0
9.0856,556.2,2199.9,6083.6,445450000.0
9.086,556.27,2199.9,6083.6,445390000.0
9.0863,556.34,2199.9,6083.6,445330000.0
9.0867,556.4,2199.9,6083.6,445270000.0
9.087,556.47,2199.9,6083.6,445210000.0
9.0874,556.54,2199.9,6083.6,445140000.0
9.0877,556.6,2199.9,6083.6,445080000.0
9.0881,556.6700000000001,2199.9,6083.6,445020000.0
9.0884,556.74,2199.9,6083.6,444960000.0
9.0888,556.8000000000001,2199.9,6083.6,444900000.0
9.0902,557.07,2199.9,6083.6,444650000.0
9.0936,557.73,2199.9,6083.6,444040000.0
9.0971,558.4,2200.0,6083.6,443430000.0
9.1005,559.0600000000001,2200.0,6083.6,442810000.0
9.1039,559.72,2200.0,6083.6,442200000.0
9.1074,560.37,2200.0,6083.6,441590000.0
9.1108,561.03,2200.0,6083.6,440980000.0
9.1142,561.6800000000001,2200.1,6083.6,440370000.0
9.1176,562.34,2200.1,6083.6,439760000.0
9.1209,562.99,2200.1,6083.6,439160000.0
9.1243,563.64,2200.1,6083.6,438550000.0
9.1277,564.2900000000001,2200.1,6083.6,437950000.0
9.131,564.94,2200.1,6083.6,437340000.0
9.1344,565.58,2200.2,6083.6,436740000.0
9.1377,566.23,2200.2,6083.6,436140000.0
9.141,566.87,2200.2,6083.6,435530000.0
9.1443,567.51,2200.2,6083.6,434930000.0
9.1476,568.16,2200.2,6083.6,434330000.0
9.1509,568.8000000000001,2200.3,6083.6,433730000.0
9.1542,569.4300000000001,2200.3,6083.6,433130000.0
9.1575,570.07,2200.3,6083.6,432540000.0
9.1607,570.71,2200.3,6083.6,431940000.0
9.164,571.34,2200.3,6083.6,431340000.0
9.1672,571.97,2200.4,6083.6,430750000.0
9.1705,572.6,2200.4,6083.6,430150000.0
9.1737,573.23,2200.4,6083.6,429560000.0
9.1961,577.58,2200.5,6083.6,425420000.0
9.2274,583.66,2200.7,6083.6,419590000.0
9.2577,589.61,2200.9,6083.6,413830000.0
9.2872,595.4200000000001,2201.0,6083.6,408150000.0
9.3157,601.11,2201.2,6083.6,402550000.0
9.3435,606.66,2201.3,6083.6,397030000.0
9.3705,612.09,2201.5,6083.6,391580000.0
9.3968,617.4,2201.6,6083.6,386210000.0
9.4224,622.58,2201.8,6083.6,380910000.0
9.4473,627.65,2201.9,6083.6,375680000.0
9.4714,632.59,2202.0,6083.6,370530000.0
9.4949,637.4200000000001,2202.2,6083.6,365440000.0
9.5177,642.14,2202.3,6083.6,360430000.0
9.5398,646.75,2202.4,6083.6,355490000.0
9.5613,651.24,2202.5,6083.6,350610000.0
9.5823,655.63,2202.6,6083.6,345800000.0
9.6027,659.9200000000001,2202.8,6083.6,341050000.0
9.6226,664.1,2202.9,6083.6,336370000.0
9.6419,668.1800000000001,2203.0,6083.6,331760000.0
9.6606,672.1700000000001,2203.1,6083.6,327210000.0
9.6788,676.0500000000001,2203.2,6083.6,322720000.0
9.6965,679.84,2203.3,6083.6,318290000.0
9.7137,683.5400000000001,2203.3,6083.6,313920000.0
9.7304,687.15,2203.4,6083.6,309610000.0
9.7467,690.6700000000001,2203.5,6083.6,305370000.0
9.7625,694.1,2203.6,6083.6,301180000.0
9.7779,697.45,2203.7,6083.6,297040000.0
9.793,700.72,2203.8,6083.6,292970000.0
9.8076,703.9,2203.8,6083.6,288950000.0
9.8218,707.0,2203.9,6083.6,284980000.0
9.8356,710.03,2204.0,6083.6,281070000.0
9.849,712.98,2204.1,6083.6,277220000.0
9.8621,715.85,2204.1,6083.6,273410000.0
9.8748,718.6600000000001,2204.2,6083.6,269660000.0
9.8871,721.39,2204.3,6083.6,265960000.0
9.8991,724.0500000000001,2204.3,6083.6,262310000.0
9.9108,726.65,2204.4,6083.6,258720000.0
9.9221,729.1800000000001,2204.4,6083.6,255170000.0
9.9332,731.64,2204.5,6083.6,251660000.0
9.9439,734.0500000000001,2204.6,6083.6,248210000.0
9.9543,736.39,2204.6,6083.6,244810000.0
9.9644,738.6700000000001,2204.7,6083.6,241450000.0
9.9743,740.89,2204.7,6083.6,238130000.0
9.984,743.0600000000001,2204.8,6083.6,234870000.0
9.9933,745.1600000000001,2204.8,6083.6,231640000.0
10.002,747.22,2204.9,6083.6,228470000.0
10.011,749.22,2204.9,6083.6,225330000.0
10.02,751.1700000000001,2204.9,6083.6,222240000.0
10.028,753.07,2205.0,6083.6,219190000.0
10.036,754.9200000000001,2205.0,6083.6,216180000.0
10.044,756.72,2205.1,6083.6,213220000.0
10.052,758.48,2205.1,6083.6,210290000.0
10.06,760.19,2205.2,6083.6,207410000.0
10.067,761.85,2205.2,6083.6,204560000.0
10.074,763.47,2205.2,6083.6,201750000.0
10.081,765.0500000000001,2205.3,6083.6,198990000.0
10.087,766.59,2205.3,6083.6,196260000.0
10.094,768.09,2205.3,6083.6,193560000.0
10.1,769.5500000000001,2205.4,6083.6,190910000.0
10.106,770.97,2205.4,6083.6,188290000.0
10.112,772.35,2205.4,6083.6,185700000.0
10.118,773.69,2205.5,6083.6,183160000.0
10.124,775.0,2205.5,6083.6,180640000.0
10.129,776.28,2205.5,6083.6,178160000.0
10.135,777.52,2205.5,6083.6,175720000.0
10.14,778.73,2205.6,6083.6,173310000.0
10.145,779.9100000000001,2205.6,6083.6,170930000.0
10.15,781.0600000000001,2205.6,6083.6,168590000.0
10.155,782.1700000000001,2205.6,6083.6,166270000.0
10.159,783.26,2205.7,6083.6,163990000.0
10.164,784.32,2205.7,6083.6,161740000.0
10.168,785.35,2205.7,6083.6,159520000.0
10.173,786.35,2205.7,6083.6,157330000.0
10.177,787.32,2205.8,6083.6,155170000.0
10.181,788.27,2205.8,6083.6,153050000.0
10.185,789.2,2205.8,6083.6,150950000.0
10.189,790.1,2205.8,6083.6,148880000.0
10.193,790.97,2205.8,6083.6,146830000.0
10.196,791.82,2205.8,6083.6,144820000.0
10.2,792.65,2205.9,6083.6,142830000.0
10.203,793.46,2205.9,6083.6,140870000.0
10.207,794.25,2205.9,6083.6,138940000.0
10.21,795.01,2205.9,6083.6,137030000.0
10.213,795.76,2205.9,6083.6,135150000.0
10.216,796.48,2205.9,6083.6,133300000.0
10.219,797.19,2206.0,6083.6,131470000.0
10.222,797.87,2206.0,6083.6,129670000.0
10.225,798.5400000000001,2206.0,6083.6,127880000.0
10.228,799.19,2206.0,6083.6,126130000.0
10.23,799.82,2206.0,6083.6,124400000.0
10.233,800.44,2206.0,6083.6,122690000.0
10.236,801.0400000000001,2206.0,6083.6,121010000.0
10.238,801.62,2206.1,6083.6,119350000.0
10.24,802.19,2206.1,6083.6,117710000.0
10.243,802.74,2206.1,6083.6,116100000.0
10.245,803.28,2206.1,6083.6,114500000.0
10.247,803.8000000000001,2206.1,6083.6,112930000.0
10.249,804.3100000000001,2206.1,6083.6,111380000.0
10.251,804.8100000000001,2206.1,6083.6,109860000.0
10.254,805.2900000000001,2206.1,6083.6,108350000.0
10.255,805.76,2206.1,6083.6,106860000.0
10.257,806.22,2206.2,6083.6,105400000.0
10.259,806.6600000000001,2206.2,6083.6,103950000.0
10.261,807.09,2206.2,6083.6,102520000.0
10.263,807.51,2206.2,6083.6,101120000.0
10.265,807.9200000000001,2206.2,6083.6,99729000.0
10.266,808.32,2206.2,6083.6,98361000.0
10.268,808.71,2206.2,6083.6,97011000.0
10.27,809.09,2206.2,6083.6,95680000.0
10.271,809.45,2206.2,6083.6,94367000.0
10.273,809.8100000000001,2206.2,6083.6,93072000.0
10.274,810.1600000000001,2206.2,6083.6,91795000.0
10.275,810.49,2206.2,6083.6,90536000.0
10.277,810.82,2206.3,6083.6,89294000.0
10.278,811.14,2206.3,6083.6,88068000.0
10.279,811.46,2206.3,6083.6,86860000.0
10.281,811.76,2206.3,6083.6,85668000.0
10.282,812.0500000000001,2206.3,6083.6,84493000.0
10.283,812.34,2206.3,6083.6,83334000.0
10.284,812.62,2206.3,6083.6,82190000.0
10.286,812.89,2206.3,6083.6,81062000.0
10.287,813.1600000000001,2206.3,6083.6,79950000.0
10.288,813.4100000000001,2206.3,6083.6,78854000.0
10.289,813.6700000000001,2206.3,6083.6,77772000.0
10.29,813.9100000000001,2206.3,6083.6,76704000.0
10.291,814.15,2206.3,6083.6,75652000.0
10.292,814.38,2206.3,6083.6,74614000.0
10.293,814.6,2206.3,6083.6,73590000.0
10.294,814.82,2206.3,6083.6,72581000.0
10.294,815.0300000000001,2206.3,6083.6,71585000.0
10.295,815.24,2206.3,6083.6,70602000.0
10.296,815.44,2206.3,6083.6,69634000.0
10.297,815.64,2206.4,6083.6,68679000.0
10.298,815.83,2206.4,6083.6,67737000.0
10.299,816.01,2206.4,6083.6,66807000.0
10.299,816.2,2206.4,6083.6,65890000.0
10.3,816.37,2206.4,6083.6,64986000.0
10.301,816.5400000000001,2206.4,6083.6,64095000.0
10.301,816.71,2206.4,6083.6,63215000.0
10.302,816.87,2206.4,6083.6,62348000.0
10.303,817.0300000000001,2206.4,6083.6,61492000.0
10.303,817.1800000000001,2206.4,6083.6,60648000.0
10.304,817.33,2206.4,6083.6,59816000.0
10.305,817.48,2206.4,6083.6,58996000.0
10.305,817.62,2206.4,6083.6,58186000.0
10.306,817.76,2206.4,6083.6,57388000.0
10.306,817.89,2206.4,6083.6,56601000.0
10.307,818.02,2206.4,6083.6,55824000.0
10.307,818.15,2206.4,6083.6,55058000.0
10.308,818.27,2206.4,6083.6,54303000.0
10.308,818.39,2206.4,6083.6,53558000.0
10.309,818.51,2206.4,6083.6,52823000.0
10.309,818.62,2206.4,6083.6,52098000.0
10.31,818.74,2206.4,6083.6,51383000.0
10.31,818.84,2206.4,6083.6,50678000.0
10.311,818.95,2206.4,6083.6,49983000.0
10.311,819.0500000000001,2206.4,6083.6,49297000.0
10.312,819.15,2206.4,6083.6,48621000.0
10.312,819.25,2206.4,6083.6,47953000.0
10.312,819.34,2206.4,6083.6,47296000.0
10.313,819.4300000000001,2206.4,6083.6,46647000.0
10.313,819.52,2206.4,6083.6,46007000.0
10.313,819.61,2206.4,6083.6,45375000.0
10.314,819.7,2206.4,6083.6,44753000.0
10.314,819.7800000000001,2206.4,6083.6,44139000.0
10.314,819.86,2206.4,6083.6,43533000.0
10.315,819.94,2206.4,6083.6,42936000.0
10.315,820.02,2206.4,6083.6,42347000.0
10.315,820.09,2206.4,6083.6,41766000.0
10.316,820.1600000000001,2206.4,6083.6,41193000.0
10.316,820.23,2206.4,6083.6,40628000.0
10.316,820.3000000000001,2206.4,6083.6,40070000.0
10.316,820.37,2206.5,6083.6,39520000.0
10.317,820.44,2206.5,6083.6,38978000.0
10.317,820.5,2206.5,6083.6,38443000.0
10.317,820.5600000000001,2206.5,6083.6,37916000.0
10.317,820.62,2206.5,6083.6,37396000.0
10.318,820.6800000000001,2206.5,6083.6,36883000.0
10.318,820.74,2206.5,6083.6,36376000.0
10.318,820.7900000000001,2206.5,6083.6,35877000.0
10.318,820.85,2206.5,6083.6,35385000.0
10.319,820.9,2206.5,6083.6,34900000.0
10.319,820.95,2206.5,6083.6,34421000.0
10.319,821.0,2206.5,6083.6,33949000.0
10.319,821.0500000000001,2206.5,6083.6,33483000.0
10.319,821.1,2206.5,6083.6,33024000.0
10.32,821.15,2206.5,6083.6,32570000.0
10.32,821.19,2206.5,6083.6,32123000.0
10.32,821.24,2206.5,6083.6,31682000.0
10.32,821.2800000000001,2206.5,6083.6,31248000.0
10.32,821.33,2206.5,6083.6,30819000.0
10.32,821.37,2206.5,6083.6,30396000.0
10.321,821.4100000000001,2206.5,6083.6,29979000.0
10.321,821.45,2206.5,6083.6,29568000.0
10.321,821.49,2206.5,6083.6,29162000.0
10.321,821.52,2206.5,6083.6,28762000.0
10.321,821.5600000000001,2206.5,6083.6,28367000.0
10.321,821.6,2206.5,6083.6,27978000.0
10.321,821.63,2206.5,6083.6,27594000.0
10.322,821.6700000000001,2206.5,6083.6,27216000.0
10.322,821.7,2206.5,6083.6,26843000.0
10.322,821.73,2206.5,6083.6,26474000.0
10.322,821.76,2206.5,6083.6,26111000.0
10.322,821.7900000000001,2206.5,6083.6,25753000.0
10.322,821.83,2206.5,6083.6,25399000.0
10.322,821.86,2206.5,6083.6,25050000.0
10.322,821.88,2206.5,6083.6,24707000.0
10.322,821.9100000000001,2206.5,6083.6,24368000.0
10.323,821.94,2206.5,6083.6,24034000.0
10.323,821.97,2206.5,6083.6,23704000.0
10.323,822.0,2206.5,6083.6,23379000.0
10.323,822.02,2206.5,6083.6,23058000.0
10.323,822.0500000000001,2206.5,6083.6,22742000.0
10.323,822.07,2206.5,6083.6,22430000.0
10.323,822.1,2206.5,6083.6,22122000.0
10.323,822.12,2206.5,6083.6,21818000.0
10.323,822.15,2206.5,6083.6,21519000.0
10.323,822.1700000000001,2206.5,6083.6,21224000.0
10.323,822.19,2206.5,6083.6,20933000.0
10.324,822.21,2206.5,6083.6,20645000.0
10.324,822.24,2206.5,6083.6,20362000.0
10.324,822.26,2206.5,6083.6,20082000.0
10.324,822.2800000000001,2206.5,6083.6,19807000.0
10.324,822.3000000000001,2206.5,6083.6,19536000.0
10.324,822.32,2206.5,6083.6,19268000.0
10.324,822.34,2206.5,6083.6,19003000.0
10.324,822.36,2206.5,6083.6,18742000.0
10.324,822.38,2206.5,6083.6,18485000.0
10.324,822.4,2206.5,6083.6,18232000.0
10.324,822.4200000000001,2206.5,6083.6,17981000.0
10.324,822.44,2206.5,6083.6,17735000.0
10.324,822.45,2206.5,6083.6,17491000.0
10.324,822.47,2206.5,6083.6,17252000.0
10.324,822.49,2206.5,6083.6,17015000.0
10.324,822.51,2206.5,6083.6,16781000.0
10.324,822.52,2206.5,6083.6,16551000.0
10.324,822.5400000000001,2206.5,6083.6,16324000.0
10.325,822.5600000000001,2206.5,6083.6,16100000.0
10.325,822.58,2206.5,6083.6,15879000.0
10.325,822.59,2206.5,6083.6,15661000.0
10.325,822.61,2206.5,6083.6,15446000.0
10.325,822.62,2206.5,6083.6,15234000.0
10.325,822.64,2206.5,6083.6,15025000.0
10.325,822.6600000000001,2206.5,6083.6,14819000.0
10.325,822.6700000000001,2206.5,6083.6,14616000.0
10.325,822.69,2206.5,6083.6,14415000.0
10.325,822.7,2206.5,6083.6,14217000.0
10.325,822.72,2206.5,6083.6,14023000.0
10.325,822.73,2206.5,6083.6,13830000.0
10.325,822.75,2206.5,6083.6,13640000.0
10.325,822.76,2206.5,6083.6,13453000.0
10.325,822.7800000000001,2206.5,6083.6,13269000.0
10.325,822.7900000000001,2206.5,6083.6,13087000.0
10.325,822.8100000000001,2206.5,6083.6,12907000.0
10.325,822.82,2206.5,6083.6,12730000.0
10.325,822.83,2206.5,6083.6,12555000.0
10.325,822.85,2206.5,6083.6,12383000.0
10.325,822.86,2206.5,6083.6,12213000.0
10.325,822.88,2206.5,6083.6,12045000.0
10.325,822.89,2206.5,6083.6,11880000.0
10.325,822.9100000000001,2206.5,6083.6,11717000.0
10.325,822.9200000000001,2206.5,6083.6,11556000.0
10.325,822.9300000000001,2206.5,6083.6,11398000.0
10.325,822.95,2206.5,6083.6,11242000.0
10.325,822.96,2206.5,6083.6,11087000.0
10.325,822.97,2206.5,6083.6,10935000.0
10.325,822.99,2206.5,6083.6,10785000.0
10.325,823.0,2206.5,6083.6,10637000.0
10.325,823.02,2206.5,6083.6,10491000.0
10.325,823.0300000000001,2206.5,6083.6,10347000.0
10.325,823.0400000000001,2206.5,6083.6,10205000.0
10.326,823.0600000000001,2206.5,6083.6,10065000.0
10.326,823.07,2206.5,6083.6,9927300.0
10.326,823.09,2206.5,6083.6,9790800.0
10.326,823.1,2206.5,6083.6,9656800.0
10.326,823.11,2206.5,6083.6,9524100.0
10.326,823.13,2206.5,6083.6,9393300.0
10.326,823.14,2206.5,6083.6,9264400.0
10.326,823.1600000000001,2206.5,6083.6,9137400.0
10.326,823.1700000000001,2206.5,6083.6,9011800.0
10.326,823.19,2206.5,6083.6,8888600.0
10.326,823.2,2206.5,6083.6,8766100.0
10.326,823.21,2206.5,6083.6,8646200.0
10.326,823.23,2206.5,6083.6,8527500.0
10.326,823.24,2206.5,6083.6,8410800.0
10.326,823.26,2206.5,6083.6,8295300.0
10.326,823.27,2206.5,6083.6,8181100.0
10.326,823.2900000000001,2206.5,6083.6,8068800.0
10.326,823.3000000000001,2206.5,6083.6,7958400.0
10.326,823.32,2206.5,6083.6,7849300.0
10.326,823.33,2206.5,6083.6,7741500.0
10.326,823.35,2206.5,6083.6,7635000.0
10.326,823.36,2206.5,6083.6,7530300.0
10.326,823.38,2206.5,6083.6,7427000.0
10.326,823.39,2206.5,6083.6,7325500.0
10.326,823.4100000000001,2206.5,6083.6,7224700.0
10.326,823.4300000000001,2206.5,6083.6,7125800.0
10.326,823.44,2206.5,6083.6,7027600.0
10.326,823.46,2206.5,6083.6,6931200.0
10.326,823.47,2206.5,6083.6,6836200.0
10.326,823.49,2206.5,6083.6,6742400.0
10.326,823.51,2206.5,6083.6,6649900.0
10.326,823.52,2206.5,6083.6,6558600.0
